Fig  3d,,,"Note from author: The {pH,potential} ranges are included only when the calculated NO2 binding energy is exothermic (favorable for adsorption)."
Model Data,,,
pH value,Potential of CuNP  (V vs. RHE),NO2 binding energy of CuNP (kJ mol-1),
5.5,-0.15,-0.56638,
5.6,-0.15,-1.14035,
5.7,-0.15,-1.71432,
5.8,-0.15,-2.28829,
5.9,-0.15,-2.86225,
6,-0.15,-3.43622,
6.1,-0.15,-4.01019,
6.2,-0.15,-4.58415,
6.3,-0.15,-5.15812,
6.4,-0.15,-5.73209,
6.5,-0.15,-6.30606,
6.6,-0.15,-6.88002,
6.7,-0.15,-7.45399,
6.8,-0.15,-8.02796,
6.9,-0.15,-8.60193,
7,-0.15,-9.17589,
7.1,-0.15,-9.74986,
7.2,-0.15,-10.3238,
7.3,-0.15,-10.8978,
7.4,-0.15,-11.4718,
7.5,-0.15,-12.0457,
7.6,-0.15,-12.6197,
7.7,-0.15,-13.1937,
7.8,-0.15,-13.7676,
7.9,-0.15,-14.3416,
8,-0.15,-14.9156,
8.1,-0.15,-15.4895,
8.2,-0.15,-16.0635,
8.3,-0.15,-16.6375,
8.4,-0.15,-17.2114,
8.5,-0.15,-17.7854,
8.6,-0.15,-18.3594,
8.7,-0.15,-18.9333,
8.8,-0.15,-19.5073,
8.9,-0.15,-20.0813,
9,-0.15,-20.6552,
9.1,-0.15,-21.2292,
9.2,-0.15,-21.8032,
9.3,-0.15,-22.3771,
9.4,-0.15,-22.9511,
9.5,-0.15,-23.5251,
9.6,-0.15,-24.099,
9.7,-0.15,-24.673,
9.8,-0.15,-25.247,
9.9,-0.15,-25.8209,
10,-0.15,-26.3949,
10.1,-0.15,-26.9689,
10.2,-0.15,-27.5428,
10.3,-0.15,-28.1168,
10.4,-0.15,-28.6908,
10.5,-0.15,-29.2647,
10.6,-0.15,-29.8387,
10.7,-0.15,-30.4127,
10.8,-0.15,-30.9866,
10.9,-0.15,-31.5606,
11,-0.15,-32.1346,
11.1,-0.15,-32.7086,
11.2,-0.15,-33.2825,
11.3,-0.15,-33.8565,
11.4,-0.15,-34.4305,
11.5,-0.15,-35.0044,
11.6,-0.15,-35.5784,
11.7,-0.15,-36.1524,
11.8,-0.15,-36.7263,
11.9,-0.15,-37.3003,
12,-0.15,-37.8743,
4.9,-0.1,-0.81128,
5,-0.1,-1.38524,
5.1,-0.1,-1.95921,
5.2,-0.1,-2.53318,
5.3,-0.1,-3.10715,
5.4,-0.1,-3.68111,
5.5,-0.1,-4.25508,
5.6,-0.1,-4.82905,
5.7,-0.1,-5.40302,
5.8,-0.1,-5.97698,
5.9,-0.1,-6.55095,
6,-0.1,-7.12492,
6.1,-0.1,-7.69888,
6.2,-0.1,-8.27285,
6.3,-0.1,-8.84682,
6.4,-0.1,-9.42079,
6.5,-0.1,-9.99475,
6.6,-0.1,-10.5687,
6.7,-0.1,-11.1427,
6.8,-0.1,-11.7167,
6.9,-0.1,-12.2906,
7,-0.1,-12.8646,
7.1,-0.1,-13.4386,
7.2,-0.1,-14.0125,
7.3,-0.1,-14.5865,
7.4,-0.1,-15.1605,
7.5,-0.1,-15.7344,
7.6,-0.1,-16.3084,
7.7,-0.1,-16.8824,
7.8,-0.1,-17.4563,
7.9,-0.1,-18.0303,
8,-0.1,-18.6043,
8.1,-0.1,-19.1782,
8.2,-0.1,-19.7522,
8.3,-0.1,-20.3262,
8.4,-0.1,-20.9001,
8.5,-0.1,-21.4741,
8.6,-0.1,-22.0481,
8.7,-0.1,-22.622,
8.8,-0.1,-23.196,
8.9,-0.1,-23.77,
9,-0.1,-24.3439,
9.1,-0.1,-24.9179,
9.2,-0.1,-25.4919,
9.3,-0.1,-26.0658,
9.4,-0.1,-26.6398,
9.5,-0.1,-27.2138,
9.6,-0.1,-27.7877,
9.7,-0.1,-28.3617,
9.8,-0.1,-28.9357,
9.9,-0.1,-29.5096,
10,-0.1,-30.0836,
10.1,-0.1,-30.6576,
10.2,-0.1,-31.2315,
10.3,-0.1,-31.8055,
10.4,-0.1,-32.3795,
10.5,-0.1,-32.9534,
10.6,-0.1,-33.5274,
10.7,-0.1,-34.1014,
10.8,-0.1,-34.6753,
10.9,-0.1,-35.2493,
11,-0.1,-35.8233,
11.1,-0.1,-36.3972,
11.2,-0.1,-36.9712,
11.3,-0.1,-37.5452,
11.4,-0.1,-38.1192,
11.5,-0.1,-38.6931,
11.6,-0.1,-39.2671,
11.7,-0.1,-39.8411,
11.8,-0.1,-40.415,
11.9,-0.1,-40.989,
12,-0.1,-41.563,
4.9,-0.05,-4.49998,
5,-0.05,-5.07394,
5.1,-0.05,-5.64791,
5.2,-0.05,-6.22188,
5.3,-0.05,-6.79584,
5.4,-0.05,-7.36981,
5.5,-0.05,-7.94378,
5.6,-0.05,-8.51775,
5.7,-0.05,-9.09171,
5.8,-0.05,-9.66568,
5.9,-0.05,-10.2396,
6,-0.05,-10.8136,
6.1,-0.05,-11.3876,
6.2,-0.05,-11.9616,
6.3,-0.05,-12.5355,
6.4,-0.05,-13.1095,
6.5,-0.05,-13.6835,
6.6,-0.05,-14.2574,
6.7,-0.05,-14.8314,
6.8,-0.05,-15.4054,
6.9,-0.05,-15.9793,
7,-0.05,-16.5533,
7.1,-0.05,-17.1273,
7.2,-0.05,-17.7012,
7.3,-0.05,-18.2752,
7.4,-0.05,-18.8492,
7.5,-0.05,-19.4231,
7.6,-0.05,-19.9971,
7.7,-0.05,-20.5711,
7.8,-0.05,-21.145,
7.9,-0.05,-21.719,
8,-0.05,-22.293,
8.1,-0.05,-22.8669,
8.2,-0.05,-23.4409,
8.3,-0.05,-24.0149,
8.4,-0.05,-24.5888,
8.5,-0.05,-25.1628,
8.6,-0.05,-25.7368,
8.7,-0.05,-26.3107,
8.8,-0.05,-26.8847,
8.9,-0.05,-27.4587,
9,-0.05,-28.0326,
9.1,-0.05,-28.6066,
9.2,-0.05,-29.1806,
9.3,-0.05,-29.7545,
9.4,-0.05,-30.3285,
9.5,-0.05,-30.9025,
9.6,-0.05,-31.4764,
9.7,-0.05,-32.0504,
9.8,-0.05,-32.6244,
9.9,-0.05,-33.1983,
10,-0.05,-33.7723,
10.1,-0.05,-34.3463,
10.2,-0.05,-34.9202,
10.3,-0.05,-35.4942,
10.4,-0.05,-36.0682,
10.5,-0.05,-36.6421,
10.6,-0.05,-37.2161,
10.7,-0.05,-37.7901,
10.8,-0.05,-38.364,
10.9,-0.05,-38.938,
11,-0.05,-39.512,
11.1,-0.05,-40.0859,
11.2,-0.05,-40.6599,
11.3,-0.05,-41.2339,
11.4,-0.05,-41.8078,
11.5,-0.05,-42.3818,
11.6,-0.05,-42.9558,
11.7,-0.05,-43.5298,
11.8,-0.05,-44.1037,
11.9,-0.05,-44.6777,
12,-0.05,-45.2517,
4.9,-1.11E-14,-8.18867,
5,-1.11E-14,-8.76264,
5.1,-1.11E-14,-9.33661,
5.2,-1.11E-14,-9.91058,
5.3,-1.11E-14,-10.4845,
5.4,-1.11E-14,-11.0585,
5.5,-1.11E-14,-11.6325,
5.6,-1.11E-14,-12.2064,
5.7,-1.11E-14,-12.7804,
5.8,-1.11E-14,-13.3544,
5.9,-1.11E-14,-13.9283,
6,-1.11E-14,-14.5023,
6.1,-1.11E-14,-15.0763,
6.2,-1.11E-14,-15.6502,
6.3,-1.11E-14,-16.2242,
6.4,-1.11E-14,-16.7982,
6.5,-1.11E-14,-17.3722,
6.6,-1.11E-14,-17.9461,
6.7,-1.11E-14,-18.5201,
6.8,-1.11E-14,-19.0941,
6.9,-1.11E-14,-19.668,
7,-1.11E-14,-20.242,
7.1,-1.11E-14,-20.816,
7.2,-1.11E-14,-21.3899,
7.3,-1.11E-14,-21.9639,
7.4,-1.11E-14,-22.5379,
7.5,-1.11E-14,-23.1118,
7.6,-1.11E-14,-23.6858,
7.7,-1.11E-14,-24.2598,
7.8,-1.11E-14,-24.8337,
7.9,-1.11E-14,-25.4077,
8,-1.11E-14,-25.9817,
8.1,-1.11E-14,-26.5556,
8.2,-1.11E-14,-27.1296,
8.3,-1.11E-14,-27.7036,
8.4,-1.11E-14,-28.2775,
8.5,-1.11E-14,-28.8515,
8.6,-1.11E-14,-29.4255,
8.7,-1.11E-14,-29.9994,
8.8,-1.11E-14,-30.5734,
8.9,-1.11E-14,-31.1474,
9,-1.11E-14,-31.7213,
9.1,-1.11E-14,-32.2953,
9.2,-1.11E-14,-32.8693,
9.3,-1.11E-14,-33.4432,
9.4,-1.11E-14,-34.0172,
9.5,-1.11E-14,-34.5912,
9.6,-1.11E-14,-35.1651,
9.7,-1.11E-14,-35.7391,
9.8,-1.11E-14,-36.3131,
9.9,-1.11E-14,-36.887,
10,-1.11E-14,-37.461,
10.1,-1.11E-14,-38.035,
10.2,-1.11E-14,-38.6089,
10.3,-1.11E-14,-39.1829,
10.4,-1.11E-14,-39.7569,
10.5,-1.11E-14,-40.3308,
10.6,-1.11E-14,-40.9048,
10.7,-1.11E-14,-41.4788,
10.8,-1.11E-14,-42.0527,
10.9,-1.11E-14,-42.6267,
11,-1.11E-14,-43.2007,
11.1,-1.11E-14,-43.7746,
11.2,-1.11E-14,-44.3486,
11.3,-1.11E-14,-44.9226,
11.4,-1.11E-14,-45.4965,
11.5,-1.11E-14,-46.0705,
11.6,-1.11E-14,-46.6445,
11.7,-1.11E-14,-47.2184,
11.8,-1.11E-14,-47.7924,
11.9,-1.11E-14,-48.3664,
12,-1.11E-14,-48.9404,
4.9,0.05,-11.8774,
5,0.05,-12.4513,
5.1,0.05,-13.0253,
5.2,0.05,-13.5993,
5.3,0.05,-14.1732,
5.4,0.05,-14.7472,
5.5,0.05,-15.3212,
5.6,0.05,-15.8951,
5.7,0.05,-16.4691,
5.8,0.05,-17.0431,
5.9,0.05,-17.617,
6,0.05,-18.191,
6.1,0.05,-18.765,
6.2,0.05,-19.3389,
6.3,0.05,-19.9129,
6.4,0.05,-20.4869,
6.5,0.05,-21.0608,
6.6,0.05,-21.6348,
6.7,0.05,-22.2088,
6.8,0.05,-22.7828,
6.9,0.05,-23.3567,
7,0.05,-23.9307,
7.1,0.05,-24.5047,
7.2,0.05,-25.0786,
7.3,0.05,-25.6526,
7.4,0.05,-26.2266,
7.5,0.05,-26.8005,
7.6,0.05,-27.3745,
7.7,0.05,-27.9485,
7.8,0.05,-28.5224,
7.9,0.05,-29.0964,
8,0.05,-29.6704,
8.1,0.05,-30.2443,
8.2,0.05,-30.8183,
8.3,0.05,-31.3923,
8.4,0.05,-31.9662,
8.5,0.05,-32.5402,
8.6,0.05,-33.1142,
8.7,0.05,-33.6881,
8.8,0.05,-34.2621,
8.9,0.05,-34.8361,
9,0.05,-35.41,
9.1,0.05,-35.984,
9.2,0.05,-36.558,
9.3,0.05,-37.1319,
9.4,0.05,-37.7059,
9.5,0.05,-38.2799,
9.6,0.05,-38.8538,
9.7,0.05,-39.4278,
9.8,0.05,-40.0018,
9.9,0.05,-40.5757,
10,0.05,-41.1497,
10.1,0.05,-41.7237,
10.2,0.05,-42.2976,
10.3,0.05,-42.8716,
10.4,0.05,-43.4456,
10.5,0.05,-44.0195,
10.6,0.05,-44.5935,
10.7,0.05,-45.1675,
10.8,0.05,-45.7414,
10.9,0.05,-46.3154,
11,0.05,-46.8894,
11.1,0.05,-47.4633,
11.2,0.05,-48.0373,
11.3,0.05,-48.6113,
11.4,0.05,-49.1852,
11.5,0.05,-49.7592,
11.6,0.05,-50.3332,
11.7,0.05,-50.9071,
11.8,0.05,-51.4811,
11.9,0.05,-52.0551,
12,0.05,-52.629,
4.9,0.1,-15.5661,
5,0.1,-16.14,
5.1,0.1,-16.714,
5.2,0.1,-17.288,
5.3,0.1,-17.8619,
5.4,0.1,-18.4359,
5.5,0.1,-19.0099,
5.6,0.1,-19.5838,
5.7,0.1,-20.1578,
5.8,0.1,-20.7318,
5.9,0.1,-21.3057,
6,0.1,-21.8797,
6.1,0.1,-22.4537,
6.2,0.1,-23.0276,
6.3,0.1,-23.6016,
6.4,0.1,-24.1756,
6.5,0.1,-24.7495,
6.6,0.1,-25.3235,
6.7,0.1,-25.8975,
6.8,0.1,-26.4714,
6.9,0.1,-27.0454,
7,0.1,-27.6194,
7.1,0.1,-28.1933,
7.2,0.1,-28.7673,
7.3,0.1,-29.3413,
7.4,0.1,-29.9153,
7.5,0.1,-30.4892,
7.6,0.1,-31.0632,
7.7,0.1,-31.6372,
7.8,0.1,-32.2111,
7.9,0.1,-32.7851,
8,0.1,-33.3591,
8.1,0.1,-33.933,
8.2,0.1,-34.507,
8.3,0.1,-35.081,
8.4,0.1,-35.6549,
8.5,0.1,-36.2289,
8.6,0.1,-36.8029,
8.7,0.1,-37.3768,
8.8,0.1,-37.9508,
8.9,0.1,-38.5248,
9,0.1,-39.0987,
9.1,0.1,-39.6727,
9.2,0.1,-40.2467,
9.3,0.1,-40.8206,
9.4,0.1,-41.3946,
9.5,0.1,-41.9686,
9.6,0.1,-42.5425,
9.7,0.1,-43.1165,
9.8,0.1,-43.6905,
9.9,0.1,-44.2644,
10,0.1,-44.8384,
10.1,0.1,-45.4124,
10.2,0.1,-45.9863,
10.3,0.1,-46.5603,
10.4,0.1,-47.1343,
10.5,0.1,-47.7082,
10.6,0.1,-48.2822,
10.7,0.1,-48.8562,
10.8,0.1,-49.4301,
10.9,0.1,-50.0041,
11,0.1,-50.5781,
11.1,0.1,-51.152,
11.2,0.1,-51.726,
11.3,0.1,-52.3,
11.4,0.1,-52.8739,
11.5,0.1,-53.4479,
11.6,0.1,-54.0219,
11.7,0.1,-54.5958,
11.8,0.1,-55.1698,
11.9,0.1,-55.7438,
12,0.1,-56.3177,
4.9,0.15,-19.2548,
5,0.15,-19.8287,
5.1,0.15,-20.4027,
5.2,0.15,-20.9767,
5.3,0.15,-21.5506,
5.4,0.15,-22.1246,
5.5,0.15,-22.6986,
5.6,0.15,-23.2725,
5.7,0.15,-23.8465,
5.8,0.15,-24.4205,
5.9,0.15,-24.9944,
6,0.15,-25.5684,
6.1,0.15,-26.1424,
6.2,0.15,-26.7163,
6.3,0.15,-27.2903,
6.4,0.15,-27.8643,
6.5,0.15,-28.4382,
6.6,0.15,-29.0122,
6.7,0.15,-29.5862,
6.8,0.15,-30.1601,
6.9,0.15,-30.7341,
7,0.15,-31.3081,
7.1,0.15,-31.882,
7.2,0.15,-32.456,
7.3,0.15,-33.03,
7.4,0.15,-33.6039,
7.5,0.15,-34.1779,
7.6,0.15,-34.7519,
7.7,0.15,-35.3259,
7.8,0.15,-35.8998,
7.9,0.15,-36.4738,
8,0.15,-37.0478,
8.1,0.15,-37.6217,
8.2,0.15,-38.1957,
8.3,0.15,-38.7697,
8.4,0.15,-39.3436,
8.5,0.15,-39.9176,
8.6,0.15,-40.4916,
8.7,0.15,-41.0655,
8.8,0.15,-41.6395,
8.9,0.15,-42.2135,
9,0.15,-42.7874,
9.1,0.15,-43.3614,
9.2,0.15,-43.9354,
9.3,0.15,-44.5093,
9.4,0.15,-45.0833,
9.5,0.15,-45.6573,
9.6,0.15,-46.2312,
9.7,0.15,-46.8052,
9.8,0.15,-47.3792,
9.9,0.15,-47.9531,
10,0.15,-48.5271,
10.1,0.15,-49.1011,
10.2,0.15,-49.675,
10.3,0.15,-50.249,
10.4,0.15,-50.823,
10.5,0.15,-51.3969,
10.6,0.15,-51.9709,
10.7,0.15,-52.5449,
10.8,0.15,-53.1188,
10.9,0.15,-53.6928,
11,0.15,-54.2668,
11.1,0.15,-54.8407,
11.2,0.15,-55.4147,
11.3,0.15,-55.9887,
11.4,0.15,-56.5626,
11.5,0.15,-57.1366,
11.6,0.15,-57.7106,
11.7,0.15,-58.2845,
11.8,0.15,-58.8585,
11.9,0.15,-59.4325,
12,0.15,-60.0064,
4.9,0.2,-22.9435,
5,0.2,-23.5174,
5.1,0.2,-24.0914,
5.2,0.2,-24.6654,
5.3,0.2,-25.2393,
5.4,0.2,-25.8133,
5.5,0.2,-26.3873,
5.6,0.2,-26.9612,
5.7,0.2,-27.5352,
5.8,0.2,-28.1092,
5.9,0.2,-28.6831,
6,0.2,-29.2571,
6.1,0.2,-29.8311,
6.2,0.2,-30.405,
6.3,0.2,-30.979,
6.4,0.2,-31.553,
6.5,0.2,-32.1269,
6.6,0.2,-32.7009,
6.7,0.2,-33.2749,
6.8,0.2,-33.8488,
6.9,0.2,-34.4228,
7,0.2,-34.9968,
7.1,0.2,-35.5707,
7.2,0.2,-36.1447,
7.3,0.2,-36.7187,
7.4,0.2,-37.2926,
7.5,0.2,-37.8666,
7.6,0.2,-38.4406,
7.7,0.2,-39.0145,
7.8,0.2,-39.5885,
7.9,0.2,-40.1625,
8,0.2,-40.7365,
8.1,0.2,-41.3104,
8.2,0.2,-41.8844,
8.3,0.2,-42.4584,
8.4,0.2,-43.0323,
8.5,0.2,-43.6063,
8.6,0.2,-44.1803,
8.7,0.2,-44.7542,
8.8,0.2,-45.3282,
8.9,0.2,-45.9022,
9,0.2,-46.4761,
9.1,0.2,-47.0501,
9.2,0.2,-47.6241,
9.3,0.2,-48.198,
9.4,0.2,-48.772,
9.5,0.2,-49.346,
9.6,0.2,-49.9199,
9.7,0.2,-50.4939,
9.8,0.2,-51.0679,
9.9,0.2,-51.6418,
10,0.2,-52.2158,
10.1,0.2,-52.7898,
10.2,0.2,-53.3637,
10.3,0.2,-53.9377,
10.4,0.2,-54.5117,
10.5,0.2,-55.0856,
10.6,0.2,-55.6596,
10.7,0.2,-56.2336,
10.8,0.2,-56.8075,
10.9,0.2,-57.3815,
11,0.2,-57.9555,
11.1,0.2,-58.5294,
11.2,0.2,-59.1034,
11.3,0.2,-59.6774,
11.4,0.2,-60.2513,
11.5,0.2,-60.8253,
11.6,0.2,-61.3993,
11.7,0.2,-61.9732,
11.8,0.2,-62.5472,
11.9,0.2,-63.1212,
12,0.2,-63.6951,
4.9,0.25,-26.6322,
5,0.25,-27.2061,
5.1,0.25,-27.7801,
5.2,0.25,-28.3541,
5.3,0.25,-28.928,
5.4,0.25,-29.502,
5.5,0.25,-30.076,
5.6,0.25,-30.6499,
5.7,0.25,-31.2239,
5.8,0.25,-31.7979,
5.9,0.25,-32.3718,
6,0.25,-32.9458,
6.1,0.25,-33.5198,
6.2,0.25,-34.0937,
6.3,0.25,-34.6677,
6.4,0.25,-35.2417,
6.5,0.25,-35.8156,
6.6,0.25,-36.3896,
6.7,0.25,-36.9636,
6.8,0.25,-37.5375,
6.9,0.25,-38.1115,
7,0.25,-38.6855,
7.1,0.25,-39.2594,
7.2,0.25,-39.8334,
7.3,0.25,-40.4074,
7.4,0.25,-40.9813,
7.5,0.25,-41.5553,
7.6,0.25,-42.1293,
7.7,0.25,-42.7032,
7.8,0.25,-43.2772,
7.9,0.25,-43.8512,
8,0.25,-44.4251,
8.1,0.25,-44.9991,
8.2,0.25,-45.5731,
8.3,0.25,-46.1471,
8.4,0.25,-46.721,
8.5,0.25,-47.295,
8.6,0.25,-47.869,
8.7,0.25,-48.4429,
8.8,0.25,-49.0169,
8.9,0.25,-49.5909,
9,0.25,-50.1648,
9.1,0.25,-50.7388,
9.2,0.25,-51.3128,
9.3,0.25,-51.8867,
9.4,0.25,-52.4607,
9.5,0.25,-53.0347,
9.6,0.25,-53.6086,
9.7,0.25,-54.1826,
9.8,0.25,-54.7566,
9.9,0.25,-55.3305,
10,0.25,-55.9045,
10.1,0.25,-56.4785,
10.2,0.25,-57.0524,
10.3,0.25,-57.6264,
10.4,0.25,-58.2004,
10.5,0.25,-58.7743,
10.6,0.25,-59.3483,
10.7,0.25,-59.9223,
10.8,0.25,-60.4962,
10.9,0.25,-61.0702,
11,0.25,-61.6442,
11.1,0.25,-62.2181,
11.2,0.25,-62.7921,
11.3,0.25,-63.3661,
11.4,0.25,-63.94,
11.5,0.25,-64.514,
11.6,0.25,-65.088,
11.7,0.25,-65.6619,
11.8,0.25,-66.2359,
11.9,0.25,-66.8099,
12,0.25,-67.3838,
4.9,0.3,-30.3209,
5,0.3,-30.8948,
5.1,0.3,-31.4688,
5.2,0.3,-32.0428,
5.3,0.3,-32.6167,
5.4,0.3,-33.1907,
5.5,0.3,-33.7647,
5.6,0.3,-34.3386,
5.7,0.3,-34.9126,
5.8,0.3,-35.4866,
5.9,0.3,-36.0605,
6,0.3,-36.6345,
6.1,0.3,-37.2085,
6.2,0.3,-37.7824,
6.3,0.3,-38.3564,
6.4,0.3,-38.9304,
6.5,0.3,-39.5043,
6.6,0.3,-40.0783,
6.7,0.3,-40.6523,
6.8,0.3,-41.2262,
6.9,0.3,-41.8002,
7,0.3,-42.3742,
7.1,0.3,-42.9481,
7.2,0.3,-43.5221,
7.3,0.3,-44.0961,
7.4,0.3,-44.67,
7.5,0.3,-45.244,
7.6,0.3,-45.818,
7.7,0.3,-46.3919,
7.8,0.3,-46.9659,
7.9,0.3,-47.5399,
8,0.3,-48.1138,
8.1,0.3,-48.6878,
8.2,0.3,-49.2618,
8.3,0.3,-49.8357,
8.4,0.3,-50.4097,
8.5,0.3,-50.9837,
8.6,0.3,-51.5577,
8.7,0.3,-52.1316,
8.8,0.3,-52.7056,
8.9,0.3,-53.2796,
9,0.3,-53.8535,
9.1,0.3,-54.4275,
9.2,0.3,-55.0015,
9.3,0.3,-55.5754,
9.4,0.3,-56.1494,
9.5,0.3,-56.7234,
9.6,0.3,-57.2973,
9.7,0.3,-57.8713,
9.8,0.3,-58.4453,
9.9,0.3,-59.0192,
10,0.3,-59.5932,
10.1,0.3,-60.1672,
10.2,0.3,-60.7411,
10.3,0.3,-61.3151,
10.4,0.3,-61.8891,
10.5,0.3,-62.463,
10.6,0.3,-63.037,
10.7,0.3,-63.611,
10.8,0.3,-64.1849,
10.9,0.3,-64.7589,
11,0.3,-65.3329,
11.1,0.3,-65.9068,
11.2,0.3,-66.4808,
11.3,0.3,-67.0548,
11.4,0.3,-67.6287,
11.5,0.3,-68.2027,
11.6,0.3,-68.7767,
11.7,0.3,-69.3506,
11.8,0.3,-69.9246,
11.9,0.3,-70.4986,
12,0.3,-71.0725,
4.9,0.35,-34.0096,
5,0.35,-34.5835,
5.1,0.35,-35.1575,
5.2,0.35,-35.7315,
5.3,0.35,-36.3054,
5.4,0.35,-36.8794,
5.5,0.35,-37.4534,
5.6,0.35,-38.0273,
5.7,0.35,-38.6013,
5.8,0.35,-39.1753,
5.9,0.35,-39.7492,
6,0.35,-40.3232,
6.1,0.35,-40.8972,
6.2,0.35,-41.4711,
6.3,0.35,-42.0451,
6.4,0.35,-42.6191,
6.5,0.35,-43.193,
6.6,0.35,-43.767,
6.7,0.35,-44.341,
6.8,0.35,-44.9149,
6.9,0.35,-45.4889,
7,0.35,-46.0629,
7.1,0.35,-46.6368,
7.2,0.35,-47.2108,
7.3,0.35,-47.7848,
7.4,0.35,-48.3587,
7.5,0.35,-48.9327,
7.6,0.35,-49.5067,
7.7,0.35,-50.0806,
7.8,0.35,-50.6546,
7.9,0.35,-51.2286,
8,0.35,-51.8025,
8.1,0.35,-52.3765,
8.2,0.35,-52.9505,
8.3,0.35,-53.5244,
8.4,0.35,-54.0984,
8.5,0.35,-54.6724,
8.6,0.35,-55.2463,
8.7,0.35,-55.8203,
8.8,0.35,-56.3943,
8.9,0.35,-56.9683,
9,0.35,-57.5422,
9.1,0.35,-58.1162,
9.2,0.35,-58.6902,
9.3,0.35,-59.2641,
9.4,0.35,-59.8381,
9.5,0.35,-60.4121,
9.6,0.35,-60.986,
9.7,0.35,-61.56,
9.8,0.35,-62.134,
9.9,0.35,-62.7079,
10,0.35,-63.2819,
10.1,0.35,-63.8559,
10.2,0.35,-64.4298,
10.3,0.35,-65.0038,
10.4,0.35,-65.5778,
10.5,0.35,-66.1517,
10.6,0.35,-66.7257,
10.7,0.35,-67.2997,
10.8,0.35,-67.8736,
10.9,0.35,-68.4476,
11,0.35,-69.0216,
11.1,0.35,-69.5955,
11.2,0.35,-70.1695,
11.3,0.35,-70.7435,
11.4,0.35,-71.3174,
11.5,0.35,-71.8914,
11.6,0.35,-72.4654,
11.7,0.35,-73.0393,
11.8,0.35,-73.6133,
11.9,0.35,-74.1873,
12,0.35,-74.7612,
4.9,0.4,-37.6983,
5,0.4,-38.2722,
5.1,0.4,-38.8462,
5.2,0.4,-39.4202,
5.3,0.4,-39.9941,
5.4,0.4,-40.5681,
5.5,0.4,-41.1421,
5.6,0.4,-41.716,
5.7,0.4,-42.29,
5.8,0.4,-42.864,
5.9,0.4,-43.4379,
6,0.4,-44.0119,
6.1,0.4,-44.5859,
6.2,0.4,-45.1598,
6.3,0.4,-45.7338,
6.4,0.4,-46.3078,
6.5,0.4,-46.8817,
6.6,0.4,-47.4557,
6.7,0.4,-48.0297,
6.8,0.4,-48.6036,
6.9,0.4,-49.1776,
7,0.4,-49.7516,
7.1,0.4,-50.3255,
7.2,0.4,-50.8995,
7.3,0.4,-51.4735,
7.4,0.4,-52.0474,
7.5,0.4,-52.6214,
7.6,0.4,-53.1954,
7.7,0.4,-53.7693,
7.8,0.4,-54.3433,
7.9,0.4,-54.9173,
8,0.4,-55.4912,
8.1,0.4,-56.0652,
8.2,0.4,-56.6392,
8.3,0.4,-57.2131,
8.4,0.4,-57.7871,
8.5,0.4,-58.3611,
8.6,0.4,-58.935,
8.7,0.4,-59.509,
8.8,0.4,-60.083,
8.9,0.4,-60.6569,
9,0.4,-61.2309,
9.1,0.4,-61.8049,
9.2,0.4,-62.3789,
9.3,0.4,-62.9528,
9.4,0.4,-63.5268,
9.5,0.4,-64.1008,
9.6,0.4,-64.6747,
9.7,0.4,-65.2487,
9.8,0.4,-65.8227,
9.9,0.4,-66.3966,
10,0.4,-66.9706,
10.1,0.4,-67.5446,
10.2,0.4,-68.1185,
10.3,0.4,-68.6925,
10.4,0.4,-69.2665,
10.5,0.4,-69.8404,
10.6,0.4,-70.4144,
10.7,0.4,-70.9884,
10.8,0.4,-71.5623,
10.9,0.4,-72.1363,
11,0.4,-72.7103,
11.1,0.4,-73.2842,
11.2,0.4,-73.8582,
11.3,0.4,-74.4322,
11.4,0.4,-75.0061,
11.5,0.4,-75.5801,
11.6,0.4,-76.1541,
11.7,0.4,-76.728,
11.8,0.4,-77.302,
11.9,0.4,-77.876,
12,0.4,-78.4499,
4.9,0.45,-41.387,
5,0.45,-41.9609,
5.1,0.45,-42.5349,
5.2,0.45,-43.1089,
5.3,0.45,-43.6828,
5.4,0.45,-44.2568,
5.5,0.45,-44.8308,
5.6,0.45,-45.4047,
5.7,0.45,-45.9787,
5.8,0.45,-46.5527,
5.9,0.45,-47.1266,
6,0.45,-47.7006,
6.1,0.45,-48.2746,
6.2,0.45,-48.8485,
6.3,0.45,-49.4225,
6.4,0.45,-49.9965,
6.5,0.45,-50.5704,
6.6,0.45,-51.1444,
6.7,0.45,-51.7184,
6.8,0.45,-52.2923,
6.9,0.45,-52.8663,
7,0.45,-53.4403,
7.1,0.45,-54.0142,
7.2,0.45,-54.5882,
7.3,0.45,-55.1622,
7.4,0.45,-55.7361,
7.5,0.45,-56.3101,
7.6,0.45,-56.8841,
7.7,0.45,-57.458,
7.8,0.45,-58.032,
7.9,0.45,-58.606,
8,0.45,-59.1799,
8.1,0.45,-59.7539,
8.2,0.45,-60.3279,
8.3,0.45,-60.9018,
8.4,0.45,-61.4758,
8.5,0.45,-62.0498,
8.6,0.45,-62.6237,
8.7,0.45,-63.1977,
8.8,0.45,-63.7717,
8.9,0.45,-64.3456,
9,0.45,-64.9196,
9.1,0.45,-65.4936,
9.2,0.45,-66.0675,
9.3,0.45,-66.6415,
9.4,0.45,-67.2155,
9.5,0.45,-67.7895,
9.6,0.45,-68.3634,
9.7,0.45,-68.9374,
9.8,0.45,-69.5114,
9.9,0.45,-70.0853,
10,0.45,-70.6593,
10.1,0.45,-71.2333,
10.2,0.45,-71.8072,
10.3,0.45,-72.3812,
10.4,0.45,-72.9552,
10.5,0.45,-73.5291,
10.6,0.45,-74.1031,
10.7,0.45,-74.6771,
10.8,0.45,-75.251,
10.9,0.45,-75.825,
11,0.45,-76.399,
11.1,0.45,-76.9729,
11.2,0.45,-77.5469,
11.3,0.45,-78.1209,
11.4,0.45,-78.6948,
11.5,0.45,-79.2688,
11.6,0.45,-79.8428,
11.7,0.45,-80.4167,
11.8,0.45,-80.9907,
11.9,0.45,-81.5647,
12,0.45,-82.1386,
4.9,0.5,-45.0757,
5,0.5,-45.6496,
5.1,0.5,-46.2236,
5.2,0.5,-46.7976,
5.3,0.5,-47.3715,
5.4,0.5,-47.9455,
5.5,0.5,-48.5195,
5.6,0.5,-49.0934,
5.7,0.5,-49.6674,
5.8,0.5,-50.2414,
5.9,0.5,-50.8153,
6,0.5,-51.3893,
6.1,0.5,-51.9633,
6.2,0.5,-52.5372,
6.3,0.5,-53.1112,
6.4,0.5,-53.6852,
6.5,0.5,-54.2591,
6.6,0.5,-54.8331,
6.7,0.5,-55.4071,
6.8,0.5,-55.981,
6.9,0.5,-56.555,
7,0.5,-57.129,
7.1,0.5,-57.7029,
7.2,0.5,-58.2769,
7.3,0.5,-58.8509,
7.4,0.5,-59.4248,
7.5,0.5,-59.9988,
7.6,0.5,-60.5728,
7.7,0.5,-61.1467,
7.8,0.5,-61.7207,
7.9,0.5,-62.2947,
8,0.5,-62.8686,
8.1,0.5,-63.4426,
8.2,0.5,-64.0166,
8.3,0.5,-64.5905,
8.4,0.5,-65.1645,
8.5,0.5,-65.7385,
8.6,0.5,-66.3124,
8.7,0.5,-66.8864,
8.8,0.5,-67.4604,
8.9,0.5,-68.0343,
9,0.5,-68.6083,
9.1,0.5,-69.1823,
9.2,0.5,-69.7562,
9.3,0.5,-70.3302,
9.4,0.5,-70.9042,
9.5,0.5,-71.4781,
9.6,0.5,-72.0521,
9.7,0.5,-72.6261,
9.8,0.5,-73.2001,
9.9,0.5,-73.774,
10,0.5,-74.348,
10.1,0.5,-74.922,
10.2,0.5,-75.4959,
10.3,0.5,-76.0699,
10.4,0.5,-76.6439,
10.5,0.5,-77.2178,
10.6,0.5,-77.7918,
10.7,0.5,-78.3658,
10.8,0.5,-78.9397,
10.9,0.5,-79.5137,
11,0.5,-80.0877,
11.1,0.5,-80.6616,
11.2,0.5,-81.2356,
11.3,0.5,-81.8096,
11.4,0.5,-82.3835,
11.5,0.5,-82.9575,
11.6,0.5,-83.5315,
11.7,0.5,-84.1054,
11.8,0.5,-84.6794,
11.9,0.5,-85.2534,
12,0.5,-85.8273,
4.9,0.55,-48.7644,
5,0.55,-49.3383,
5.1,0.55,-49.9123,
5.2,0.55,-50.4863,
5.3,0.55,-51.0602,
5.4,0.55,-51.6342,
5.5,0.55,-52.2082,
5.6,0.55,-52.7821,
5.7,0.55,-53.3561,
5.8,0.55,-53.9301,
5.9,0.55,-54.504,
6,0.55,-55.078,
6.1,0.55,-55.652,
6.2,0.55,-56.2259,
6.3,0.55,-56.7999,
6.4,0.55,-57.3739,
6.5,0.55,-57.9478,
6.6,0.55,-58.5218,
6.7,0.55,-59.0958,
6.8,0.55,-59.6697,
6.9,0.55,-60.2437,
7,0.55,-60.8177,
7.1,0.55,-61.3916,
7.2,0.55,-61.9656,
7.3,0.55,-62.5396,
7.4,0.55,-63.1135,
7.5,0.55,-63.6875,
7.6,0.55,-64.2615,
7.7,0.55,-64.8354,
7.8,0.55,-65.4094,
7.9,0.55,-65.9834,
8,0.55,-66.5573,
8.1,0.55,-67.1313,
8.2,0.55,-67.7053,
8.3,0.55,-68.2792,
8.4,0.55,-68.8532,
8.5,0.55,-69.4272,
8.6,0.55,-70.0011,
8.7,0.55,-70.5751,
8.8,0.55,-71.1491,
8.9,0.55,-71.723,
9,0.55,-72.297,
9.1,0.55,-72.871,
9.2,0.55,-73.4449,
9.3,0.55,-74.0189,
9.4,0.55,-74.5929,
9.5,0.55,-75.1668,
9.6,0.55,-75.7408,
9.7,0.55,-76.3148,
9.8,0.55,-76.8887,
9.9,0.55,-77.4627,
10,0.55,-78.0367,
10.1,0.55,-78.6107,
10.2,0.55,-79.1846,
10.3,0.55,-79.7586,
10.4,0.55,-80.3326,
10.5,0.55,-80.9065,
10.6,0.55,-81.4805,
10.7,0.55,-82.0545,
10.8,0.55,-82.6284,
10.9,0.55,-83.2024,
11,0.55,-83.7764,
11.1,0.55,-84.3503,
11.2,0.55,-84.9243,
11.3,0.55,-85.4983,
11.4,0.55,-86.0722,
11.5,0.55,-86.6462,
11.6,0.55,-87.2202,
11.7,0.55,-87.7941,
11.8,0.55,-88.3681,
11.9,0.55,-88.9421,
12,0.55,-89.516,
4.9,0.6,-52.453,
5,0.6,-53.027,
5.1,0.6,-53.601,
5.2,0.6,-54.175,
5.3,0.6,-54.7489,
5.4,0.6,-55.3229,
5.5,0.6,-55.8969,
5.6,0.6,-56.4708,
5.7,0.6,-57.0448,
5.8,0.6,-57.6188,
5.9,0.6,-58.1927,
6,0.6,-58.7667,
6.1,0.6,-59.3407,
6.2,0.6,-59.9146,
6.3,0.6,-60.4886,
6.4,0.6,-61.0626,
6.5,0.6,-61.6365,
6.6,0.6,-62.2105,
6.7,0.6,-62.7845,
6.8,0.6,-63.3584,
6.9,0.6,-63.9324,
7,0.6,-64.5064,
7.1,0.6,-65.0803,
7.2,0.6,-65.6543,
7.3,0.6,-66.2283,
7.4,0.6,-66.8022,
7.5,0.6,-67.3762,
7.6,0.6,-67.9502,
7.7,0.6,-68.5241,
7.8,0.6,-69.0981,
7.9,0.6,-69.6721,
8,0.6,-70.246,
8.1,0.6,-70.82,
8.2,0.6,-71.394,
8.3,0.6,-71.9679,
8.4,0.6,-72.5419,
8.5,0.6,-73.1159,
8.6,0.6,-73.6898,
8.7,0.6,-74.2638,
8.8,0.6,-74.8378,
8.9,0.6,-75.4117,
9,0.6,-75.9857,
9.1,0.6,-76.5597,
9.2,0.6,-77.1336,
9.3,0.6,-77.7076,
9.4,0.6,-78.2816,
9.5,0.6,-78.8555,
9.6,0.6,-79.4295,
9.7,0.6,-80.0035,
9.8,0.6,-80.5774,
9.9,0.6,-81.1514,
10,0.6,-81.7254,
10.1,0.6,-82.2993,
10.2,0.6,-82.8733,
10.3,0.6,-83.4473,
10.4,0.6,-84.0213,
10.5,0.6,-84.5952,
10.6,0.6,-85.1692,
10.7,0.6,-85.7432,
10.8,0.6,-86.3171,
10.9,0.6,-86.8911,
11,0.6,-87.4651,
11.1,0.6,-88.039,
11.2,0.6,-88.613,
11.3,0.6,-89.187,
11.4,0.6,-89.7609,
11.5,0.6,-90.3349,
11.6,0.6,-90.9089,
11.7,0.6,-91.4828,
11.8,0.6,-92.0568,
11.9,0.6,-92.6308,
12,0.6,-93.2047,
4.9,0.65,-56.1417,
5,0.65,-56.7157,
5.1,0.65,-57.2897,
5.2,0.65,-57.8636,
5.3,0.65,-58.4376,
5.4,0.65,-59.0116,
5.5,0.65,-59.5856,
5.6,0.65,-60.1595,
5.7,0.65,-60.7335,
5.8,0.65,-61.3075,
5.9,0.65,-61.8814,
6,0.65,-62.4554,
6.1,0.65,-63.0294,
6.2,0.65,-63.6033,
6.3,0.65,-64.1773,
6.4,0.65,-64.7513,
6.5,0.65,-65.3252,
6.6,0.65,-65.8992,
6.7,0.65,-66.4732,
6.8,0.65,-67.0471,
6.9,0.65,-67.6211,
7,0.65,-68.1951,
7.1,0.65,-68.769,
7.2,0.65,-69.343,
7.3,0.65,-69.917,
7.4,0.65,-70.4909,
7.5,0.65,-71.0649,
7.6,0.65,-71.6389,
7.7,0.65,-72.2128,
7.8,0.65,-72.7868,
7.9,0.65,-73.3608,
8,0.65,-73.9347,
8.1,0.65,-74.5087,
8.2,0.65,-75.0827,
8.3,0.65,-75.6566,
8.4,0.65,-76.2306,
8.5,0.65,-76.8046,
8.6,0.65,-77.3785,
8.7,0.65,-77.9525,
8.8,0.65,-78.5265,
8.9,0.65,-79.1004,
9,0.65,-79.6744,
9.1,0.65,-80.2484,
9.2,0.65,-80.8223,
9.3,0.65,-81.3963,
9.4,0.65,-81.9703,
9.5,0.65,-82.5442,
9.6,0.65,-83.1182,
9.7,0.65,-83.6922,
9.8,0.65,-84.2661,
9.9,0.65,-84.8401,
10,0.65,-85.4141,
10.1,0.65,-85.988,
10.2,0.65,-86.562,
10.3,0.65,-87.136,
10.4,0.65,-87.7099,
10.5,0.65,-88.2839,
10.6,0.65,-88.8579,
10.7,0.65,-89.4319,
10.8,0.65,-90.0058,
10.9,0.65,-90.5798,
11,0.65,-91.1538,
11.1,0.65,-91.7277,
11.2,0.65,-92.3017,
11.3,0.65,-92.8757,
11.4,0.65,-93.4496,
11.5,0.65,-94.0236,
11.6,0.65,-94.5976,
11.7,0.65,-95.1715,
11.8,0.65,-95.7455,
11.9,0.65,-96.3195,
12,0.65,-96.8934,
4.9,0.7,-59.8304,
5,0.7,-60.4044,
5.1,0.7,-60.9784,
5.2,0.7,-61.5523,
5.3,0.7,-62.1263,
5.4,0.7,-62.7003,
5.5,0.7,-63.2742,
5.6,0.7,-63.8482,
5.7,0.7,-64.4222,
5.8,0.7,-64.9962,
5.9,0.7,-65.5701,
6,0.7,-66.1441,
6.1,0.7,-66.7181,
6.2,0.7,-67.292,
6.3,0.7,-67.866,
6.4,0.7,-68.44,
6.5,0.7,-69.0139,
6.6,0.7,-69.5879,
6.7,0.7,-70.1619,
6.8,0.7,-70.7358,
6.9,0.7,-71.3098,
7,0.7,-71.8838,
7.1,0.7,-72.4577,
7.2,0.7,-73.0317,
7.3,0.7,-73.6057,
7.4,0.7,-74.1796,
7.5,0.7,-74.7536,
7.6,0.7,-75.3276,
7.7,0.7,-75.9015,
7.8,0.7,-76.4755,
7.9,0.7,-77.0495,
8,0.7,-77.6234,
8.1,0.7,-78.1974,
8.2,0.7,-78.7714,
8.3,0.7,-79.3453,
8.4,0.7,-79.9193,
8.5,0.7,-80.4933,
8.6,0.7,-81.0672,
8.7,0.7,-81.6412,
8.8,0.7,-82.2152,
8.9,0.7,-82.7891,
9,0.7,-83.3631,
9.1,0.7,-83.9371,
9.2,0.7,-84.511,
9.3,0.7,-85.085,
9.4,0.7,-85.659,
9.5,0.7,-86.2329,
9.6,0.7,-86.8069,
9.7,0.7,-87.3809,
9.8,0.7,-87.9548,
9.9,0.7,-88.5288,
10,0.7,-89.1028,
10.1,0.7,-89.6767,
10.2,0.7,-90.2507,
10.3,0.7,-90.8247,
10.4,0.7,-91.3986,
10.5,0.7,-91.9726,
10.6,0.7,-92.5466,
10.7,0.7,-93.1205,
10.8,0.7,-93.6945,
10.9,0.7,-94.2685,
11,0.7,-94.8425,
11.1,0.7,-95.4164,
11.2,0.7,-95.9904,
11.3,0.7,-96.5644,
11.4,0.7,-97.1383,
11.5,0.7,-97.7123,
11.6,0.7,-98.2863,
11.7,0.7,-98.8602,
11.8,0.7,-99.4342,
11.9,0.7,-100.008,
12,0.7,-100.582,
4.9,0.75,-63.5191,
5,0.75,-64.0931,
5.1,0.75,-64.6671,
5.2,0.75,-65.241,
5.3,0.75,-65.815,
5.4,0.75,-66.389,
5.5,0.75,-66.9629,
5.6,0.75,-67.5369,
5.7,0.75,-68.1109,
5.8,0.75,-68.6848,
5.9,0.75,-69.2588,
6,0.75,-69.8328,
6.1,0.75,-70.4068,
6.2,0.75,-70.9807,
6.3,0.75,-71.5547,
6.4,0.75,-72.1287,
6.5,0.75,-72.7026,
6.6,0.75,-73.2766,
6.7,0.75,-73.8506,
6.8,0.75,-74.4245,
6.9,0.75,-74.9985,
7,0.75,-75.5725,
7.1,0.75,-76.1464,
7.2,0.75,-76.7204,
7.3,0.75,-77.2944,
7.4,0.75,-77.8683,
7.5,0.75,-78.4423,
7.6,0.75,-79.0163,
7.7,0.75,-79.5902,
7.8,0.75,-80.1642,
7.9,0.75,-80.7382,
8,0.75,-81.3121,
8.1,0.75,-81.8861,
8.2,0.75,-82.4601,
8.3,0.75,-83.034,
8.4,0.75,-83.608,
8.5,0.75,-84.182,
8.6,0.75,-84.7559,
8.7,0.75,-85.3299,
8.8,0.75,-85.9039,
8.9,0.75,-86.4778,
9,0.75,-87.0518,
9.1,0.75,-87.6258,
9.2,0.75,-88.1997,
9.3,0.75,-88.7737,
9.4,0.75,-89.3477,
9.5,0.75,-89.9216,
9.6,0.75,-90.4956,
9.7,0.75,-91.0696,
9.8,0.75,-91.6435,
9.9,0.75,-92.2175,
10,0.75,-92.7915,
10.1,0.75,-93.3654,
10.2,0.75,-93.9394,
10.3,0.75,-94.5134,
10.4,0.75,-95.0873,
10.5,0.75,-95.6613,
10.6,0.75,-96.2353,
10.7,0.75,-96.8092,
10.8,0.75,-97.3832,
10.9,0.75,-97.9572,
11,0.75,-98.5311,
11.1,0.75,-99.1051,
11.2,0.75,-99.6791,
11.3,0.75,-100.253,
11.4,0.75,-100.827,
11.5,0.75,-101.401,
11.6,0.75,-101.975,
11.7,0.75,-102.549,
11.8,0.75,-103.123,
11.9,0.75,-103.697,
12,0.75,-104.271,
4.9,0.8,-67.2078,
5,0.8,-67.7818,
5.1,0.8,-68.3558,
5.2,0.8,-68.9297,
5.3,0.8,-69.5037,
5.4,0.8,-70.0777,
5.5,0.8,-70.6516,
5.6,0.8,-71.2256,
5.7,0.8,-71.7996,
5.8,0.8,-72.3735,
5.9,0.8,-72.9475,
6,0.8,-73.5215,
6.1,0.8,-74.0954,
6.2,0.8,-74.6694,
6.3,0.8,-75.2434,
6.4,0.8,-75.8174,
6.5,0.8,-76.3913,
6.6,0.8,-76.9653,
6.7,0.8,-77.5393,
6.8,0.8,-78.1132,
6.9,0.8,-78.6872,
7,0.8,-79.2612,
7.1,0.8,-79.8351,
7.2,0.8,-80.4091,
7.3,0.8,-80.9831,
7.4,0.8,-81.557,
7.5,0.8,-82.131,
7.6,0.8,-82.705,
7.7,0.8,-83.2789,
7.8,0.8,-83.8529,
7.9,0.8,-84.4269,
8,0.8,-85.0008,
8.1,0.8,-85.5748,
8.2,0.8,-86.1488,
8.3,0.8,-86.7227,
8.4,0.8,-87.2967,
8.5,0.8,-87.8707,
8.6,0.8,-88.4446,
8.7,0.8,-89.0186,
8.8,0.8,-89.5926,
8.9,0.8,-90.1665,
9,0.8,-90.7405,
9.1,0.8,-91.3145,
9.2,0.8,-91.8884,
9.3,0.8,-92.4624,
9.4,0.8,-93.0364,
9.5,0.8,-93.6103,
9.6,0.8,-94.1843,
9.7,0.8,-94.7583,
9.8,0.8,-95.3322,
9.9,0.8,-95.9062,
10,0.8,-96.4802,
10.1,0.8,-97.0541,
10.2,0.8,-97.6281,
10.3,0.8,-98.2021,
10.4,0.8,-98.776,
10.5,0.8,-99.35,
10.6,0.8,-99.924,
10.7,0.8,-100.498,
10.8,0.8,-101.072,
10.9,0.8,-101.646,
11,0.8,-102.22,
11.1,0.8,-102.794,
11.2,0.8,-103.368,
11.3,0.8,-103.942,
11.4,0.8,-104.516,
11.5,0.8,-105.09,
11.6,0.8,-105.664,
11.7,0.8,-106.238,
11.8,0.8,-106.812,
11.9,0.8,-107.386,
12,0.8,-107.96,
4.9,0.85,-70.8965,
5,0.85,-71.4705,
5.1,0.85,-72.0445,
5.2,0.85,-72.6184,
5.3,0.85,-73.1924,
5.4,0.85,-73.7664,
5.5,0.85,-74.3403,
5.6,0.85,-74.9143,
5.7,0.85,-75.4883,
5.8,0.85,-76.0622,
5.9,0.85,-76.6362,
6,0.85,-77.2102,
6.1,0.85,-77.7841,
6.2,0.85,-78.3581,
6.3,0.85,-78.9321,
6.4,0.85,-79.506,
6.5,0.85,-80.08,
6.6,0.85,-80.654,
6.7,0.85,-81.228,
6.8,0.85,-81.8019,
6.9,0.85,-82.3759,
7,0.85,-82.9499,
7.1,0.85,-83.5238,
7.2,0.85,-84.0978,
7.3,0.85,-84.6718,
7.4,0.85,-85.2457,
7.5,0.85,-85.8197,
7.6,0.85,-86.3937,
7.7,0.85,-86.9676,
7.8,0.85,-87.5416,
7.9,0.85,-88.1156,
8,0.85,-88.6895,
8.1,0.85,-89.2635,
8.2,0.85,-89.8375,
8.3,0.85,-90.4114,
8.4,0.85,-90.9854,
8.5,0.85,-91.5594,
8.6,0.85,-92.1333,
8.7,0.85,-92.7073,
8.8,0.85,-93.2813,
8.9,0.85,-93.8552,
9,0.85,-94.4292,
9.1,0.85,-95.0032,
9.2,0.85,-95.5771,
9.3,0.85,-96.1511,
9.4,0.85,-96.7251,
9.5,0.85,-97.299,
9.6,0.85,-97.873,
9.7,0.85,-98.447,
9.8,0.85,-99.0209,
9.9,0.85,-99.5949,
10,0.85,-100.169,
10.1,0.85,-100.743,
10.2,0.85,-101.317,
10.3,0.85,-101.891,
10.4,0.85,-102.465,
10.5,0.85,-103.039,
10.6,0.85,-103.613,
10.7,0.85,-104.187,
10.8,0.85,-104.761,
10.9,0.85,-105.335,
11,0.85,-105.909,
11.1,0.85,-106.483,
11.2,0.85,-107.056,
11.3,0.85,-107.63,
11.4,0.85,-108.204,
11.5,0.85,-108.778,
11.6,0.85,-109.352,
11.7,0.85,-109.926,
11.8,0.85,-110.5,
11.9,0.85,-111.074,
12,0.85,-111.648,
4.9,0.9,-74.5852,
5,0.9,-75.1592,
5.1,0.9,-75.7332,
5.2,0.9,-76.3071,
5.3,0.9,-76.8811,
5.4,0.9,-77.4551,
5.5,0.9,-78.029,
5.6,0.9,-78.603,
5.7,0.9,-79.177,
5.8,0.9,-79.7509,
5.9,0.9,-80.3249,
6,0.9,-80.8989,
6.1,0.9,-81.4728,
6.2,0.9,-82.0468,
6.3,0.9,-82.6208,
6.4,0.9,-83.1947,
6.5,0.9,-83.7687,
6.6,0.9,-84.3427,
6.7,0.9,-84.9166,
6.8,0.9,-85.4906,
6.9,0.9,-86.0646,
7,0.9,-86.6386,
7.1,0.9,-87.2125,
7.2,0.9,-87.7865,
7.3,0.9,-88.3605,
7.4,0.9,-88.9344,
7.5,0.9,-89.5084,
7.6,0.9,-90.0824,
7.7,0.9,-90.6563,
7.8,0.9,-91.2303,
7.9,0.9,-91.8043,
8,0.9,-92.3782,
8.1,0.9,-92.9522,
8.2,0.9,-93.5262,
8.3,0.9,-94.1001,
8.4,0.9,-94.6741,
8.5,0.9,-95.2481,
8.6,0.9,-95.822,
8.7,0.9,-96.396,
8.8,0.9,-96.97,
8.9,0.9,-97.5439,
9,0.9,-98.1179,
9.1,0.9,-98.6919,
9.2,0.9,-99.2658,
9.3,0.9,-99.8398,
9.4,0.9,-100.414,
9.5,0.9,-100.988,
9.6,0.9,-101.562,
9.7,0.9,-102.136,
9.8,0.9,-102.71,
9.9,0.9,-103.284,
10,0.9,-103.858,
10.1,0.9,-104.432,
10.2,0.9,-105.006,
10.3,0.9,-105.579,
10.4,0.9,-106.153,
10.5,0.9,-106.727,
10.6,0.9,-107.301,
10.7,0.9,-107.875,
10.8,0.9,-108.449,
10.9,0.9,-109.023,
11,0.9,-109.597,
11.1,0.9,-110.171,
11.2,0.9,-110.745,
11.3,0.9,-111.319,
11.4,0.9,-111.893,
11.5,0.9,-112.467,
11.6,0.9,-113.041,
11.7,0.9,-113.615,
11.8,0.9,-114.189,
11.9,0.9,-114.763,
12,0.9,-115.337,
4.9,0.95,-78.2739,
5,0.95,-78.8479,
5.1,0.95,-79.4219,
5.2,0.95,-79.9958,
5.3,0.95,-80.5698,
5.4,0.95,-81.1438,
5.5,0.95,-81.7177,
5.6,0.95,-82.2917,
5.7,0.95,-82.8657,
5.8,0.95,-83.4396,
5.9,0.95,-84.0136,
6,0.95,-84.5876,
6.1,0.95,-85.1615,
6.2,0.95,-85.7355,
6.3,0.95,-86.3095,
6.4,0.95,-86.8834,
6.5,0.95,-87.4574,
6.6,0.95,-88.0314,
6.7,0.95,-88.6053,
6.8,0.95,-89.1793,
6.9,0.95,-89.7533,
7,0.95,-90.3272,
7.1,0.95,-90.9012,
7.2,0.95,-91.4752,
7.3,0.95,-92.0492,
7.4,0.95,-92.6231,
7.5,0.95,-93.1971,
7.6,0.95,-93.7711,
7.7,0.95,-94.345,
7.8,0.95,-94.919,
7.9,0.95,-95.493,
8,0.95,-96.0669,
8.1,0.95,-96.6409,
8.2,0.95,-97.2149,
8.3,0.95,-97.7888,
8.4,0.95,-98.3628,
8.5,0.95,-98.9368,
8.6,0.95,-99.5107,
8.7,0.95,-100.085,
8.8,0.95,-100.659,
8.9,0.95,-101.233,
9,0.95,-101.807,
9.1,0.95,-102.381,
9.2,0.95,-102.955,
9.3,0.95,-103.528,
9.4,0.95,-104.102,
9.5,0.95,-104.676,
9.6,0.95,-105.25,
9.7,0.95,-105.824,
9.8,0.95,-106.398,
9.9,0.95,-106.972,
10,0.95,-107.546,
10.1,0.95,-108.12,
10.2,0.95,-108.694,
10.3,0.95,-109.268,
10.4,0.95,-109.842,
10.5,0.95,-110.416,
10.6,0.95,-110.99,
10.7,0.95,-111.564,
10.8,0.95,-112.138,
10.9,0.95,-112.712,
11,0.95,-113.286,
11.1,0.95,-113.86,
11.2,0.95,-114.434,
11.3,0.95,-115.008,
11.4,0.95,-115.582,
11.5,0.95,-116.156,
11.6,0.95,-116.73,
11.7,0.95,-117.304,
11.8,0.95,-117.878,
11.9,0.95,-118.452,
12,0.95,-119.026,
4.9,1,-81.9626,
5,1,-82.5366,
5.1,1,-83.1106,
5.2,1,-83.6845,
5.3,1,-84.2585,
5.4,1,-84.8325,
5.5,1,-85.4064,
5.6,1,-85.9804,
5.7,1,-86.5544,
5.8,1,-87.1283,
5.9,1,-87.7023,
6,1,-88.2763,
6.1,1,-88.8502,
6.2,1,-89.4242,
6.3,1,-89.9982,
6.4,1,-90.5721,
6.5,1,-91.1461,
6.6,1,-91.7201,
6.7,1,-92.294,
6.8,1,-92.868,
6.9,1,-93.442,
7,1,-94.0159,
7.1,1,-94.5899,
7.2,1,-95.1639,
7.3,1,-95.7378,
7.4,1,-96.3118,
7.5,1,-96.8858,
7.6,1,-97.4598,
7.7,1,-98.0337,
7.8,1,-98.6077,
7.9,1,-99.1817,
8,1,-99.7556,
8.1,1,-100.33,
8.2,1,-100.904,
8.3,1,-101.478,
8.4,1,-102.051,
8.5,1,-102.625,
8.6,1,-103.199,
8.7,1,-103.773,
8.8,1,-104.347,
8.9,1,-104.921,
9,1,-105.495,
9.1,1,-106.069,
9.2,1,-106.643,
9.3,1,-107.217,
9.4,1,-107.791,
9.5,1,-108.365,
9.6,1,-108.939,
9.7,1,-109.513,
9.8,1,-110.087,
9.9,1,-110.661,
10,1,-111.235,
10.1,1,-111.809,
10.2,1,-112.383,
10.3,1,-112.957,
10.4,1,-113.531,
10.5,1,-114.105,
10.6,1,-114.679,
10.7,1,-115.253,
10.8,1,-115.827,
10.9,1,-116.401,
11,1,-116.975,
11.1,1,-117.549,
11.2,1,-118.123,
11.3,1,-118.697,
11.4,1,-119.271,
11.5,1,-119.844,
11.6,1,-120.418,
11.7,1,-120.992,
11.8,1,-121.566,
11.9,1,-122.14,
12,1,-122.714,
4.9,1.05,-85.6513,
5,1.05,-86.2253,
5.1,1.05,-86.7993,
5.2,1.05,-87.3732,
5.3,1.05,-87.9472,
5.4,1.05,-88.5212,
5.5,1.05,-89.0951,
5.6,1.05,-89.6691,
5.7,1.05,-90.2431,
5.8,1.05,-90.817,
5.9,1.05,-91.391,
6,1.05,-91.965,
6.1,1.05,-92.5389,
6.2,1.05,-93.1129,
6.3,1.05,-93.6869,
6.4,1.05,-94.2608,
6.5,1.05,-94.8348,
6.6,1.05,-95.4088,
6.7,1.05,-95.9827,
6.8,1.05,-96.5567,
6.9,1.05,-97.1307,
7,1.05,-97.7046,
7.1,1.05,-98.2786,
7.2,1.05,-98.8526,
7.3,1.05,-99.4265,
7.4,1.05,-100.001,
7.5,1.05,-100.574,
7.6,1.05,-101.148,
7.7,1.05,-101.722,
7.8,1.05,-102.296,
7.9,1.05,-102.87,
8,1.05,-103.444,
8.1,1.05,-104.018,
8.2,1.05,-104.592,
8.3,1.05,-105.166,
8.4,1.05,-105.74,
8.5,1.05,-106.314,
8.6,1.05,-106.888,
8.7,1.05,-107.462,
8.8,1.05,-108.036,
8.9,1.05,-108.61,
9,1.05,-109.184,
9.1,1.05,-109.758,
9.2,1.05,-110.332,
9.3,1.05,-110.906,
9.4,1.05,-111.48,
9.5,1.05,-112.054,
9.6,1.05,-112.628,
9.7,1.05,-113.202,
9.8,1.05,-113.776,
9.9,1.05,-114.35,
10,1.05,-114.924,
10.1,1.05,-115.498,
10.2,1.05,-116.072,
10.3,1.05,-116.646,
10.4,1.05,-117.22,
10.5,1.05,-117.794,
10.6,1.05,-118.367,
10.7,1.05,-118.941,
10.8,1.05,-119.515,
10.9,1.05,-120.089,
11,1.05,-120.663,
11.1,1.05,-121.237,
11.2,1.05,-121.811,
11.3,1.05,-122.385,
11.4,1.05,-122.959,
11.5,1.05,-123.533,
11.6,1.05,-124.107,
11.7,1.05,-124.681,
11.8,1.05,-125.255,
11.9,1.05,-125.829,
12,1.05,-126.403,
4.9,1.1,-89.34,
5,1.1,-89.914,
5.1,1.1,-90.488,
5.2,1.1,-91.0619,
5.3,1.1,-91.6359,
5.4,1.1,-92.2099,
5.5,1.1,-92.7838,
5.6,1.1,-93.3578,
5.7,1.1,-93.9318,
5.8,1.1,-94.5057,
5.9,1.1,-95.0797,
6,1.1,-95.6537,
6.1,1.1,-96.2276,
6.2,1.1,-96.8016,
6.3,1.1,-97.3756,
6.4,1.1,-97.9495,
6.5,1.1,-98.5235,
6.6,1.1,-99.0975,
6.7,1.1,-99.6714,
6.8,1.1,-100.245,
6.9,1.1,-100.819,
7,1.1,-101.393,
7.1,1.1,-101.967,
7.2,1.1,-102.541,
7.3,1.1,-103.115,
7.4,1.1,-103.689,
7.5,1.1,-104.263,
7.6,1.1,-104.837,
7.7,1.1,-105.411,
7.8,1.1,-105.985,
7.9,1.1,-106.559,
8,1.1,-107.133,
8.1,1.1,-107.707,
8.2,1.1,-108.281,
8.3,1.1,-108.855,
8.4,1.1,-109.429,
8.5,1.1,-110.003,
8.6,1.1,-110.577,
8.7,1.1,-111.151,
8.8,1.1,-111.725,
8.9,1.1,-112.299,
9,1.1,-112.873,
9.1,1.1,-113.447,
9.2,1.1,-114.021,
9.3,1.1,-114.595,
9.4,1.1,-115.169,
9.5,1.1,-115.743,
9.6,1.1,-116.316,
9.7,1.1,-116.89,
9.8,1.1,-117.464,
9.9,1.1,-118.038,
10,1.1,-118.612,
10.1,1.1,-119.186,
10.2,1.1,-119.76,
10.3,1.1,-120.334,
10.4,1.1,-120.908,
10.5,1.1,-121.482,
10.6,1.1,-122.056,
10.7,1.1,-122.63,
10.8,1.1,-123.204,
10.9,1.1,-123.778,
11,1.1,-124.352,
11.1,1.1,-124.926,
11.2,1.1,-125.5,
11.3,1.1,-126.074,
11.4,1.1,-126.648,
11.5,1.1,-127.222,
11.6,1.1,-127.796,
11.7,1.1,-128.37,
11.8,1.1,-128.944,
11.9,1.1,-129.518,
12,1.1,-130.092,
4.9,1.15,-93.0287,
5,1.15,-93.6027,
5.1,1.15,-94.1767,
5.2,1.15,-94.7506,
5.3,1.15,-95.3246,
5.4,1.15,-95.8986,
5.5,1.15,-96.4725,
5.6,1.15,-97.0465,
5.7,1.15,-97.6205,
5.8,1.15,-98.1944,
5.9,1.15,-98.7684,
6,1.15,-99.3424,
6.1,1.15,-99.9163,
6.2,1.15,-100.49,
6.3,1.15,-101.064,
6.4,1.15,-101.638,
6.5,1.15,-102.212,
6.6,1.15,-102.786,
6.7,1.15,-103.36,
6.8,1.15,-103.934,
6.9,1.15,-104.508,
7,1.15,-105.082,
7.1,1.15,-105.656,
7.2,1.15,-106.23,
7.3,1.15,-106.804,
7.4,1.15,-107.378,
7.5,1.15,-107.952,
7.6,1.15,-108.526,
7.7,1.15,-109.1,
7.8,1.15,-109.674,
7.9,1.15,-110.248,
8,1.15,-110.822,
8.1,1.15,-111.396,
8.2,1.15,-111.97,
8.3,1.15,-112.544,
8.4,1.15,-113.118,
8.5,1.15,-113.692,
8.6,1.15,-114.266,
8.7,1.15,-114.839,
8.8,1.15,-115.413,
8.9,1.15,-115.987,
9,1.15,-116.561,
9.1,1.15,-117.135,
9.2,1.15,-117.709,
9.3,1.15,-118.283,
9.4,1.15,-118.857,
9.5,1.15,-119.431,
9.6,1.15,-120.005,
9.7,1.15,-120.579,
9.8,1.15,-121.153,
9.9,1.15,-121.727,
10,1.15,-122.301,
10.1,1.15,-122.875,
10.2,1.15,-123.449,
10.3,1.15,-124.023,
10.4,1.15,-124.597,
10.5,1.15,-125.171,
10.6,1.15,-125.745,
10.7,1.15,-126.319,
10.8,1.15,-126.893,
10.9,1.15,-127.467,
11,1.15,-128.041,
11.1,1.15,-128.615,
11.2,1.15,-129.189,
11.3,1.15,-129.763,
11.4,1.15,-130.337,
11.5,1.15,-130.911,
11.6,1.15,-131.485,
11.7,1.15,-132.059,
11.8,1.15,-132.632,
11.9,1.15,-133.206,
12,1.15,-133.78,
4.9,1.2,-96.7174,
5,1.2,-97.2914,
5.1,1.2,-97.8654,
5.2,1.2,-98.4393,
5.3,1.2,-99.0133,
5.4,1.2,-99.5873,
5.5,1.2,-100.161,
5.6,1.2,-100.735,
5.7,1.2,-101.309,
5.8,1.2,-101.883,
5.9,1.2,-102.457,
6,1.2,-103.031,
6.1,1.2,-103.605,
6.2,1.2,-104.179,
6.3,1.2,-104.753,
6.4,1.2,-105.327,
6.5,1.2,-105.901,
6.6,1.2,-106.475,
6.7,1.2,-107.049,
6.8,1.2,-107.623,
6.9,1.2,-108.197,
7,1.2,-108.771,
7.1,1.2,-109.345,
7.2,1.2,-109.919,
7.3,1.2,-110.493,
7.4,1.2,-111.067,
7.5,1.2,-111.641,
7.6,1.2,-112.215,
7.7,1.2,-112.789,
7.8,1.2,-113.362,
7.9,1.2,-113.936,
8,1.2,-114.51,
8.1,1.2,-115.084,
8.2,1.2,-115.658,
8.3,1.2,-116.232,
8.4,1.2,-116.806,
8.5,1.2,-117.38,
8.6,1.2,-117.954,
8.7,1.2,-118.528,
8.8,1.2,-119.102,
8.9,1.2,-119.676,
9,1.2,-120.25,
9.1,1.2,-120.824,
9.2,1.2,-121.398,
9.3,1.2,-121.972,
9.4,1.2,-122.546,
9.5,1.2,-123.12,
9.6,1.2,-123.694,
9.7,1.2,-124.268,
9.8,1.2,-124.842,
9.9,1.2,-125.416,
10,1.2,-125.99,
10.1,1.2,-126.564,
10.2,1.2,-127.138,
10.3,1.2,-127.712,
10.4,1.2,-128.286,
10.5,1.2,-128.86,
10.6,1.2,-129.434,
10.7,1.2,-130.008,
10.8,1.2,-130.581,
10.9,1.2,-131.155,
11,1.2,-131.729,
11.1,1.2,-132.303,
11.2,1.2,-132.877,
11.3,1.2,-133.451,
11.4,1.2,-134.025,
11.5,1.2,-134.599,
11.6,1.2,-135.173,
11.7,1.2,-135.747,
11.8,1.2,-136.321,
11.9,1.2,-136.895,
12,1.2,-137.469,
4.9,1.25,-100.406,
5,1.25,-100.98,
5.1,1.25,-101.554,
5.2,1.25,-102.128,
5.3,1.25,-102.702,
5.4,1.25,-103.276,
5.5,1.25,-103.85,
5.6,1.25,-104.424,
5.7,1.25,-104.998,
5.8,1.25,-105.572,
5.9,1.25,-106.146,
6,1.25,-106.72,
6.1,1.25,-107.294,
6.2,1.25,-107.868,
6.3,1.25,-108.442,
6.4,1.25,-109.016,
6.5,1.25,-109.59,
6.6,1.25,-110.164,
6.7,1.25,-110.738,
6.8,1.25,-111.312,
6.9,1.25,-111.885,
7,1.25,-112.459,
7.1,1.25,-113.033,
7.2,1.25,-113.607,
7.3,1.25,-114.181,
7.4,1.25,-114.755,
7.5,1.25,-115.329,
7.6,1.25,-115.903,
7.7,1.25,-116.477,
7.8,1.25,-117.051,
7.9,1.25,-117.625,
8,1.25,-118.199,
8.1,1.25,-118.773,
8.2,1.25,-119.347,
8.3,1.25,-119.921,
8.4,1.25,-120.495,
8.5,1.25,-121.069,
8.6,1.25,-121.643,
8.7,1.25,-122.217,
8.8,1.25,-122.791,
8.9,1.25,-123.365,
9,1.25,-123.939,
9.1,1.25,-124.513,
9.2,1.25,-125.087,
9.3,1.25,-125.661,
9.4,1.25,-126.235,
9.5,1.25,-126.809,
9.6,1.25,-127.383,
9.7,1.25,-127.957,
9.8,1.25,-128.531,
9.9,1.25,-129.104,
10,1.25,-129.678,
10.1,1.25,-130.252,
10.2,1.25,-130.826,
10.3,1.25,-131.4,
10.4,1.25,-131.974,
10.5,1.25,-132.548,
10.6,1.25,-133.122,
10.7,1.25,-133.696,
10.8,1.25,-134.27,
10.9,1.25,-134.844,
11,1.25,-135.418,
11.1,1.25,-135.992,
11.2,1.25,-136.566,
11.3,1.25,-137.14,
11.4,1.25,-137.714,
11.5,1.25,-138.288,
11.6,1.25,-138.862,
11.7,1.25,-139.436,
11.8,1.25,-140.01,
11.9,1.25,-140.584,
12,1.25,-141.158,
4.9,1.3,-104.095,
5,1.3,-104.669,
5.1,1.3,-105.243,
5.2,1.3,-105.817,
5.3,1.3,-106.391,
5.4,1.3,-106.965,
5.5,1.3,-107.539,
5.6,1.3,-108.113,
5.7,1.3,-108.687,
5.8,1.3,-109.261,
5.9,1.3,-109.834,
6,1.3,-110.408,
6.1,1.3,-110.982,
6.2,1.3,-111.556,
6.3,1.3,-112.13,
6.4,1.3,-112.704,
6.5,1.3,-113.278,
6.6,1.3,-113.852,
6.7,1.3,-114.426,
6.8,1.3,-115,
6.9,1.3,-115.574,
7,1.3,-116.148,
7.1,1.3,-116.722,
7.2,1.3,-117.296,
7.3,1.3,-117.87,
7.4,1.3,-118.444,
7.5,1.3,-119.018,
7.6,1.3,-119.592,
7.7,1.3,-120.166,
7.8,1.3,-120.74,
7.9,1.3,-121.314,
8,1.3,-121.888,
8.1,1.3,-122.462,
8.2,1.3,-123.036,
8.3,1.3,-123.61,
8.4,1.3,-124.184,
8.5,1.3,-124.758,
8.6,1.3,-125.332,
8.7,1.3,-125.906,
8.8,1.3,-126.48,
8.9,1.3,-127.054,
9,1.3,-127.627,
9.1,1.3,-128.201,
9.2,1.3,-128.775,
9.3,1.3,-129.349,
9.4,1.3,-129.923,
9.5,1.3,-130.497,
9.6,1.3,-131.071,
9.7,1.3,-131.645,
9.8,1.3,-132.219,
9.9,1.3,-132.793,
10,1.3,-133.367,
10.1,1.3,-133.941,
10.2,1.3,-134.515,
10.3,1.3,-135.089,
10.4,1.3,-135.663,
10.5,1.3,-136.237,
10.6,1.3,-136.811,
10.7,1.3,-137.385,
10.8,1.3,-137.959,
10.9,1.3,-138.533,
11,1.3,-139.107,
11.1,1.3,-139.681,
11.2,1.3,-140.255,
11.3,1.3,-140.829,
11.4,1.3,-141.403,
11.5,1.3,-141.977,
11.6,1.3,-142.551,
11.7,1.3,-143.125,
11.8,1.3,-143.699,
11.9,1.3,-144.273,
12,1.3,-144.846,
4.9,1.35,-107.784,
5,1.35,-108.357,
5.1,1.35,-108.931,
5.2,1.35,-109.505,
5.3,1.35,-110.079,
5.4,1.35,-110.653,
5.5,1.35,-111.227,
5.6,1.35,-111.801,
5.7,1.35,-112.375,
5.8,1.35,-112.949,
5.9,1.35,-113.523,
6,1.35,-114.097,
6.1,1.35,-114.671,
6.2,1.35,-115.245,
6.3,1.35,-115.819,
6.4,1.35,-116.393,
6.5,1.35,-116.967,
6.6,1.35,-117.541,
6.7,1.35,-118.115,
6.8,1.35,-118.689,
6.9,1.35,-119.263,
7,1.35,-119.837,
7.1,1.35,-120.411,
7.2,1.35,-120.985,
7.3,1.35,-121.559,
7.4,1.35,-122.133,
7.5,1.35,-122.707,
7.6,1.35,-123.281,
7.7,1.35,-123.855,
7.8,1.35,-124.429,
7.9,1.35,-125.003,
8,1.35,-125.577,
8.1,1.35,-126.15,
8.2,1.35,-126.724,
8.3,1.35,-127.298,
8.4,1.35,-127.872,
8.5,1.35,-128.446,
8.6,1.35,-129.02,
8.7,1.35,-129.594,
8.8,1.35,-130.168,
8.9,1.35,-130.742,
9,1.35,-131.316,
9.1,1.35,-131.89,
9.2,1.35,-132.464,
9.3,1.35,-133.038,
9.4,1.35,-133.612,
9.5,1.35,-134.186,
9.6,1.35,-134.76,
9.7,1.35,-135.334,
9.8,1.35,-135.908,
9.9,1.35,-136.482,
10,1.35,-137.056,
10.1,1.35,-137.63,
10.2,1.35,-138.204,
10.3,1.35,-138.778,
10.4,1.35,-139.352,
10.5,1.35,-139.926,
10.6,1.35,-140.5,
10.7,1.35,-141.074,
10.8,1.35,-141.648,
10.9,1.35,-142.222,
11,1.35,-142.796,
11.1,1.35,-143.369,
11.2,1.35,-143.943,
11.3,1.35,-144.517,
11.4,1.35,-145.091,
11.5,1.35,-145.665,
11.6,1.35,-146.239,
11.7,1.35,-146.813,
11.8,1.35,-147.387,
11.9,1.35,-147.961,
12,1.35,-148.535,
4.9,1.4,-111.472,
5,1.4,-112.046,
5.1,1.4,-112.62,
5.2,1.4,-113.194,
5.3,1.4,-113.768,
5.4,1.4,-114.342,
5.5,1.4,-114.916,
5.6,1.4,-115.49,
5.7,1.4,-116.064,
5.8,1.4,-116.638,
5.9,1.4,-117.212,
6,1.4,-117.786,
6.1,1.4,-118.36,
6.2,1.4,-118.934,
6.3,1.4,-119.508,
6.4,1.4,-120.082,
6.5,1.4,-120.656,
6.6,1.4,-121.23,
6.7,1.4,-121.804,
6.8,1.4,-122.378,
6.9,1.4,-122.952,
7,1.4,-123.526,
7.1,1.4,-124.099,
7.2,1.4,-124.673,
7.3,1.4,-125.247,
7.4,1.4,-125.821,
7.5,1.4,-126.395,
7.6,1.4,-126.969,
7.7,1.4,-127.543,
7.8,1.4,-128.117,
7.9,1.4,-128.691,
8,1.4,-129.265,
8.1,1.4,-129.839,
8.2,1.4,-130.413,
8.3,1.4,-130.987,
8.4,1.4,-131.561,
8.5,1.4,-132.135,
8.6,1.4,-132.709,
8.7,1.4,-133.283,
8.8,1.4,-133.857,
8.9,1.4,-134.431,
9,1.4,-135.005,
9.1,1.4,-135.579,
9.2,1.4,-136.153,
9.3,1.4,-136.727,
9.4,1.4,-137.301,
9.5,1.4,-137.875,
9.6,1.4,-138.449,
9.7,1.4,-139.023,
9.8,1.4,-139.597,
9.9,1.4,-140.171,
10,1.4,-140.745,
10.1,1.4,-141.319,
10.2,1.4,-141.892,
10.3,1.4,-142.466,
10.4,1.4,-143.04,
10.5,1.4,-143.614,
10.6,1.4,-144.188,
10.7,1.4,-144.762,
10.8,1.4,-145.336,
10.9,1.4,-145.91,
11,1.4,-146.484,
11.1,1.4,-147.058,
11.2,1.4,-147.632,
11.3,1.4,-148.206,
11.4,1.4,-148.78,
11.5,1.4,-149.354,
11.6,1.4,-149.928,
11.7,1.4,-150.502,
11.8,1.4,-151.076,
11.9,1.4,-151.65,
12,1.4,-152.224,
4.9,1.45,-115.161,
5,1.45,-115.735,
5.1,1.45,-116.309,
5.2,1.45,-116.883,
5.3,1.45,-117.457,
5.4,1.45,-118.031,
5.5,1.45,-118.605,
5.6,1.45,-119.179,
5.7,1.45,-119.753,
5.8,1.45,-120.327,
5.9,1.45,-120.901,
6,1.45,-121.475,
6.1,1.45,-122.049,
6.2,1.45,-122.622,
6.3,1.45,-123.196,
6.4,1.45,-123.77,
6.5,1.45,-124.344,
6.6,1.45,-124.918,
6.7,1.45,-125.492,
6.8,1.45,-126.066,
6.9,1.45,-126.64,
7,1.45,-127.214,
7.1,1.45,-127.788,
7.2,1.45,-128.362,
7.3,1.45,-128.936,
7.4,1.45,-129.51,
7.5,1.45,-130.084,
7.6,1.45,-130.658,
7.7,1.45,-131.232,
7.8,1.45,-131.806,
7.9,1.45,-132.38,
8,1.45,-132.954,
8.1,1.45,-133.528,
8.2,1.45,-134.102,
8.3,1.45,-134.676,
8.4,1.45,-135.25,
8.5,1.45,-135.824,
8.6,1.45,-136.398,
8.7,1.45,-136.972,
8.8,1.45,-137.546,
8.9,1.45,-138.12,
9,1.45,-138.694,
9.1,1.45,-139.268,
9.2,1.45,-139.842,
9.3,1.45,-140.415,
9.4,1.45,-140.989,
9.5,1.45,-141.563,
9.6,1.45,-142.137,
9.7,1.45,-142.711,
9.8,1.45,-143.285,
9.9,1.45,-143.859,
10,1.45,-144.433,
10.1,1.45,-145.007,
10.2,1.45,-145.581,
10.3,1.45,-146.155,
10.4,1.45,-146.729,
10.5,1.45,-147.303,
10.6,1.45,-147.877,
10.7,1.45,-148.451,
10.8,1.45,-149.025,
10.9,1.45,-149.599,
11,1.45,-150.173,
11.1,1.45,-150.747,
11.2,1.45,-151.321,
11.3,1.45,-151.895,
11.4,1.45,-152.469,
11.5,1.45,-153.043,
11.6,1.45,-153.617,
11.7,1.45,-154.191,
11.8,1.45,-154.765,
11.9,1.45,-155.339,
12,1.45,-155.913,
4.9,1.5,-118.85,
5,1.5,-119.424,
5.1,1.5,-119.998,
5.2,1.5,-120.572,
5.3,1.5,-121.145,
5.4,1.5,-121.719,
5.5,1.5,-122.293,
5.6,1.5,-122.867,
5.7,1.5,-123.441,
5.8,1.5,-124.015,
5.9,1.5,-124.589,
6,1.5,-125.163,
6.1,1.5,-125.737,
6.2,1.5,-126.311,
6.3,1.5,-126.885,
6.4,1.5,-127.459,
6.5,1.5,-128.033,
6.6,1.5,-128.607,
6.7,1.5,-129.181,
6.8,1.5,-129.755,
6.9,1.5,-130.329,
7,1.5,-130.903,
7.1,1.5,-131.477,
7.2,1.5,-132.051,
7.3,1.5,-132.625,
7.4,1.5,-133.199,
7.5,1.5,-133.773,
7.6,1.5,-134.347,
7.7,1.5,-134.921,
7.8,1.5,-135.495,
7.9,1.5,-136.069,
8,1.5,-136.643,
8.1,1.5,-137.217,
8.2,1.5,-137.791,
8.3,1.5,-138.365,
8.4,1.5,-138.938,
8.5,1.5,-139.512,
8.6,1.5,-140.086,
8.7,1.5,-140.66,
8.8,1.5,-141.234,
8.9,1.5,-141.808,
9,1.5,-142.382,
9.1,1.5,-142.956,
9.2,1.5,-143.53,
9.3,1.5,-144.104,
9.4,1.5,-144.678,
9.5,1.5,-145.252,
9.6,1.5,-145.826,
9.7,1.5,-146.4,
9.8,1.5,-146.974,
9.9,1.5,-147.548,
10,1.5,-148.122,
10.1,1.5,-148.696,
10.2,1.5,-149.27,
10.3,1.5,-149.844,
10.4,1.5,-150.418,
10.5,1.5,-150.992,
10.6,1.5,-151.566,
10.7,1.5,-152.14,
10.8,1.5,-152.714,
10.9,1.5,-153.288,
11,1.5,-153.862,
11.1,1.5,-154.436,
11.2,1.5,-155.01,
11.3,1.5,-155.584,
11.4,1.5,-156.157,
11.5,1.5,-156.731,
11.6,1.5,-157.305,
11.7,1.5,-157.879,
11.8,1.5,-158.453,
11.9,1.5,-159.027,
12,1.5,-159.601,
4.9,1.55,-122.538,
5,1.55,-123.112,
5.1,1.55,-123.686,
5.2,1.55,-124.26,
5.3,1.55,-124.834,
5.4,1.55,-125.408,
5.5,1.55,-125.982,
5.6,1.55,-126.556,
5.7,1.55,-127.13,
5.8,1.55,-127.704,
5.9,1.55,-128.278,
6,1.55,-128.852,
6.1,1.55,-129.426,
6.2,1.55,-130,
6.3,1.55,-130.574,
6.4,1.55,-131.148,
6.5,1.55,-131.722,
6.6,1.55,-132.296,
6.7,1.55,-132.87,
6.8,1.55,-133.444,
6.9,1.55,-134.018,
7,1.55,-134.592,
7.1,1.55,-135.166,
7.2,1.55,-135.74,
7.3,1.55,-136.314,
7.4,1.55,-136.887,
7.5,1.55,-137.461,
7.6,1.55,-138.035,
7.7,1.55,-138.609,
7.8,1.55,-139.183,
7.9,1.55,-139.757,
8,1.55,-140.331,
8.1,1.55,-140.905,
8.2,1.55,-141.479,
8.3,1.55,-142.053,
8.4,1.55,-142.627,
8.5,1.55,-143.201,
8.6,1.55,-143.775,
8.7,1.55,-144.349,
8.8,1.55,-144.923,
8.9,1.55,-145.497,
9,1.55,-146.071,
9.1,1.55,-146.645,
9.2,1.55,-147.219,
9.3,1.55,-147.793,
9.4,1.55,-148.367,
9.5,1.55,-148.941,
9.6,1.55,-149.515,
9.7,1.55,-150.089,
9.8,1.55,-150.663,
9.9,1.55,-151.237,
10,1.55,-151.811,
10.1,1.55,-152.385,
10.2,1.55,-152.959,
10.3,1.55,-153.533,
10.4,1.55,-154.107,
10.5,1.55,-154.68,
10.6,1.55,-155.254,
10.7,1.55,-155.828,
10.8,1.55,-156.402,
10.9,1.55,-156.976,
11,1.55,-157.55,
11.1,1.55,-158.124,
11.2,1.55,-158.698,
11.3,1.55,-159.272,
11.4,1.55,-159.846,
11.5,1.55,-160.42,
11.6,1.55,-160.994,
11.7,1.55,-161.568,
11.8,1.55,-162.142,
11.9,1.55,-162.716,
12,1.55,-163.29,
,,,
,,,
,,,
,,,
,,,
,,,
,,,
,,,
,,,
,,,
,,,
,,,
,,,
,,,
,,,
,,,
,,,
,,,
,,,
,,,
,,,
,,,
,,,
,,,
,,,
,,,
,,,
,,,
,,,
,,,
,,,
,,,
,,,
,,,
,,,
,,,
,,,
,,,
,,,
,,,
,,,
,,,
,,,
,,,
,,,
,,,
,,,
,,,
,,,
,,,
,,,
,,,
,,,
,,,
,,,
,,,
,,,
,,,
,,,
,,,
,,,
,,,
,,,
,,,
,,,
,,,
,,,
,,,
,,,
,,,
,,,
,,,
,,,
,,,
,,,
,,,
,,,
,,,
,,,
,,,
,,,
,,,
,,,
,,,
,,,
,,,
,,,
,,,
,,,
,,,
,,,
,,,
,,,
,,,
,,,
,,,
,,,
,,,
,,,
,,,
,,,
,,,
,,,
,,,
,,,
,,,
,,,
,,,
,,,
,,,
,,,
,,,
,,,
,,,
,,,
,,,
,,,
,,,
,,,
,,,
,,,
,,,
,,,
,,,
,,,
,,,
,,,
,,,
,,,
,,,
,,,
,,,
,,,
,,,
,,,
,,,
,,,
,,,
,,,
,,,
,,,
,,,
,,,
,,,
,,,
,,,
,,,
,,,
,,,
,,,
,,,
,,,
,,,
,,,
,,,
,,,
,,,
,,,
,,,
,,,
,,,
,,,
,,,
,,,
,,,
,,,
,,,
,,,
,,,
,,,
,,,
,,,
,,,
,,,
,,,
,,,
,,,
,,,
,,,
,,,
,,,
,,,
,,,
,,,
,,,
,,,
,,,
,,,
,,,
,,,
,,,
,,,
,,,
,,,
,,,
,,,
,,,
,,,
,,,
,,,
,,,
,,,
,,,
,,,
,,,
,,,
,,,
,,,
,,,
,,,
,,,
,,,
,,,
,,,
,,,
,,,
,,,
,,,
,,,
,,,
,,,
,,,
,,,
,,,
,,,
,,,
,,,
,,,
,,,
,,,
,,,
,,,
,,,
,,,
,,,
,,,
,,,
,,,
,,,
,,,
,,,
,,,
,,,
,,,
,,,
,,,
,,,
,,,
,,,
,,,
,,,
,,,
,,,
,,,
,,,
,,,
,,,
,,,
,,,
,,,
,,,
,,,
,,,
,,,
,,,
,,,
,,,
,,,
,,,
,,,
,,,
,,,
,,,
,,,
,,,
,,,
,,,
,,,
,,,
,,,
,,,
,,,
,,,
,,,
,,,
,,,
,,,
,,,
,,,
,,,
,,,
,,,
,,,
,,,
,,,
,,,
,,,
,,,
,,,
,,,
,,,
,,,
,,,
,,,
,,,
,,,
,,,
,,,
,,,
,,,
,,,
,,,
,,,
,,,
,,,
,,,
,,,
,,,
,,,
,,,
,,,
,,,
,,,
,,,
,,,
,,,
,,,
,,,
,,,
,,,
,,,
,,,
,,,
,,,
,,,
,,,
,,,
,,,
,,,
,,,
,,,
,,,
,,,
,,,
,,,
,,,
,,,
,,,
,,,
,,,
,,,
,,,
,,,
,,,
,,,
,,,
,,,
,,,
,,,
,,,
,,,
,,,
,,,
,,,
,,,
,,,
,,,
,,,
,,,
,,,
,,,
,,,
,,,
,,,
,,,
,,,
,,,
,,,
,,,
,,,
,,,
,,,
,,,
,,,
,,,
,,,
,,,
,,,
,,,
,,,
,,,
,,,
,,,
,,,
,,,
,,,
,,,
,,,
,,,
,,,
,,,
,,,
,,,
,,,
,,,
,,,
,,,
,,,
,,,
,,,
,,,
,,,
,,,
,,,
,,,
,,,
,,,
,,,
,,,
,,,
,,,
,,,
,,,
,,,
,,,
,,,
,,,
,,,
,,,
,,,
,,,
,,,
,,,
,,,
,,,
,,,
,,,
,,,
,,,
,,,
,,,
,,,
,,,
,,,
,,,
,,,
,,,
,,,
,,,
,,,
,,,
,,,
,,,
,,,
,,,
,,,
,,,
,,,
,,,
,,,
,,,
,,,
,,,
,,,
,,,
,,,
,,,
,,,
,,,
,,,
,,,
,,,
,,,
,,,
,,,
,,,
,,,
,,,
,,,
,,,
,,,
,,,
,,,
,,,
,,,
,,,
,,,
,,,
,,,
,,,
,,,
,,,
,,,
,,,
,,,
,,,
,,,
,,,
,,,
,,,
,,,
,,,
,,,
,,,
,,,
,,,
,,,
,,,
,,,
,,,
,,,
,,,
,,,
,,,
,,,
,,,
,,,
,,,
,,,
,,,
,,,
,,,
,,,
,,,
,,,
,,,
,,,
,,,
,,,
,,,
,,,
,,,
,,,
,,,
,,,
,,,
,,,
,,,
,,,
,,,
,,,
,,,
,,,
,,,
,,,
,,,
,,,
,,,
,,,
,,,
,,,
,,,
,,,
,,,
,,,
,,,
,,,
,,,
,,,
,,,
,,,
,,,
,,,
,,,
,,,
,,,
,,,
,,,
,,,
,,,
,,,
,,,
,,,
,,,
,,,
,,,
,,,
,,,
,,,
,,,
,,,
,,,
,,,
,,,
,,,
,,,
,,,
,,,
,,,
,,,
,,,
,,,
,,,
,,,
,,,
,,,
,,,
,,,
,,,
,,,
,,,
,,,
,,,
,,,
,,,
,,,
,,,
,,,
,,,
,,,
,,,
,,,
,,,
,,,
,,,
,,,
,,,
,,,
,,,
,,,
,,,
,,,
,,,
,,,
,,,
,,,
,,,
,,,
,,,
,,,
,,,
,,,
,,,
,,,
,,,
,,,
,,,
,,,
,,,
,,,
,,,
,,,
,,,
,,,
,,,
,,,
,,,
,,,
,,,
,,,
,,,
,,,
,,,
,,,
,,,
,,,
,,,
,,,
,,,
,,,
,,,
,,,
,,,
,,,
,,,
,,,
,,,
,,,
,,,
,,,
,,,
,,,
,,,
,,,
,,,
,,,
,,,
,,,
,,,
,,,
,,,
,,,
,,,
,,,
,,,
,,,
,,,
,,,
,,,
,,,
,,,
,,,
,,,
,,,
,,,
,,,
,,,
,,,
,,,
,,,
,,,
,,,
,,,
,,,
,,,
,,,
,,,
,,,
,,,
,,,
,,,
,,,
,,,
,,,
,,,
,,,
,,,
,,,
,,,
,,,
,,,
,,,
,,,
,,,
,,,
,,,
,,,
,,,
,,,
,,,
,,,
,,,
,,,
,,,
,,,
,,,
,,,
,,,
,,,
,,,
,,,
,,,
,,,
,,,
,,,
,,,
,,,
,,,
,,,
,,,
,,,
,,,
,,,
,,,
,,,
,,,
,,,
,,,
,,,
,,,
,,,
,,,
,,,
,,,
,,,
,,,
,,,
,,,
,,,
,,,
,,,
,,,
,,,
,,,
,,,
,,,
,,,
,,,
,,,
,,,
,,,
,,,
,,,
,,,
,,,
,,,
,,,
,,,
,,,
,,,
,,,
,,,
,,,
,,,
,,,
,,,
,,,
,,,
,,,
,,,
,,,
,,,
,,,
,,,
,,,
,,,
,,,
,,,
,,,
,,,
,,,
,,,
,,,
,,,
,,,
,,,
,,,
,,,
,,,
,,,
,,,
,,,
,,,
,,,
,,,
,,,
,,,
,,,
,,,
,,,
,,,
,,,
,,,
,,,
,,,
,,,
,,,
,,,
,,,
,,,
,,,
,,,
,,,
,,,
,,,
,,,
,,,
,,,
,,,
,,,
,,,
,,,
,,,
,,,
,,,
,,,
,,,
,,,
,,,
,,,
,,,
,,,
,,,
,,,
,,,
,,,
,,,
,,,
,,,
,,,
,,,
,,,
,,,
,,,
,,,
,,,
,,,
,,,
,,,
,,,
,,,
,,,
,,,
,,,
,,,
,,,
,,,
,,,
,,,
,,,
,,,
,,,
,,,
,,,
,,,
,,,
,,,
,,,
,,,
,,,
,,,
,,,
,,,
,,,
,,,
,,,
,,,
,,,
,,,
,,,
,,,
,,,
,,,
,,,
,,,
,,,
,,,
,,,
,,,
,,,
,,,
,,,
,,,
,,,
,,,
,,,
,,,
,,,
,,,
,,,
,,,
,,,
,,,
,,,
,,,
,,,
,,,
,,,
,,,
,,,
,,,
,,,
,,,
,,,
,,,
,,,
,,,
,,,
,,,
,,,
,,,
,,,
,,,
,,,
,,,
,,,
,,,
,,,
,,,
,,,
,,,
,,,
,,,
,,,
,,,
,,,
,,,
,,,
,,,
,,,
,,,
,,,
,,,
,,,
,,,
,,,
,,,
,,,
,,,
,,,
,,,
,,,
,,,
,,,
,,,
,,,
,,,
,,,
,,,
,,,
,,,
,,,
,,,
,,,
,,,
,,,
,,,
,,,
,,,
,,,
,,,
,,,
,,,
,,,
,,,
,,,
,,,
,,,
,,,
,,,
,,,
,,,
,,,
,,,
,,,
,,,
,,,
,,,
,,,
,,,
,,,
,,,
,,,
,,,
,,,
,,,
,,,
,,,
,,,
,,,
,,,
,,,
,,,
,,,
,,,
,,,
,,,
,,,
,,,
,,,
,,,
,,,
,,,
,,,
,,,
,,,
,,,
,,,
,,,
,,,
,,,
,,,
,,,
,,,
,,,
,,,
,,,
,,,
,,,
,,,
,,,
,,,
,,,
,,,
,,,
,,,
,,,
,,,
,,,
,,,
,,,
,,,
,,,
,,,
,,,
,,,
,,,
,,,
,,,
,,,
,,,
,,,
,,,
,,,
,,,
,,,
,,,
,,,
,,,
,,,
,,,
,,,
,,,
,,,
,,,
,,,
,,,
,,,
,,,
,,,
,,,
,,,
,,,
,,,
,,,
,,,
,,,
,,,
,,,
,,,
,,,
,,,
,,,
,,,
,,,
,,,
,,,
,,,
,,,
,,,
,,,
,,,
,,,
,,,
,,,
,,,
,,,
,,,
,,,
,,,
,,,
,,,
,,,
,,,
,,,
,,,
,,,
,,,
,,,
,,,
,,,
,,,
,,,
,,,
,,,
,,,
,,,
,,,
,,,
,,,
,,,
,,,
,,,
,,,
,,,
,,,
,,,
,,,
,,,
,,,
,,,
,,,
,,,
,,,
,,,
,,,
,,,
,,,
,,,
,,,
,,,
,,,
,,,
,,,
,,,
,,,
,,,
,,,
,,,
,,,
,,,
,,,
,,,
,,,
,,,
,,,
,,,
,,,
,,,
,,,
,,,
,,,
,,,
,,,
,,,
,,,
,,,
,,,
,,,
,,,
,,,
,,,
,,,
,,,
,,,
,,,
,,,
,,,
,,,
,,,
,,,
,,,
,,,
,,,
,,,
,,,
,,,
,,,
,,,
,,,
,,,
,,,
,,,
,,,
,,,
,,,
,,,
,,,
,,,
,,,
,,,
,,,
,,,
,,,
,,,
,,,
,,,
,,,
,,,
,,,
,,,
,,,
,,,
,,,
,,,
,,,
,,,
,,,
,,,
,,,
,,,
,,,
,,,
,,,
,,,
,,,
,,,
,,,
,,,
,,,
,,,
,,,
,,,
,,,
,,,
,,,
,,,
,,,
,,,
,,,
,,,
,,,
,,,
,,,
,,,
,,,
,,,
,,,
,,,
,,,
,,,
,,,
,,,
,,,
,,,
,,,
,,,
,,,
,,,
,,,
,,,
,,,
,,,
,,,
,,,
,,,
,,,
,,,
,,,
,,,
,,,
,,,
,,,
,,,
,,,
,,,
,,,
,,,
,,,
,,,
,,,
,,,
,,,
,,,
,,,
,,,
,,,
,,,
,,,
,,,
,,,
,,,
,,,
,,,
,,,
,,,
,,,
,,,
,,,
,,,
,,,
,,,
,,,
,,,
,,,
,,,
,,,
,,,
,,,
,,,
,,,
,,,
,,,
,,,
,,,
,,,
,,,
,,,
,,,
,,,
,,,
,,,
,,,
,,,
,,,
,,,
,,,
,,,
,,,
,,,
,,,
,,,
,,,
,,,
,,,
,,,
,,,
,,,
,,,
,,,
,,,
,,,
,,,
,,,
,,,
,,,
,,,
,,,
,,,
,,,
,,,
,,,
,,,
,,,
,,,
,,,
,,,
,,,
,,,
,,,
,,,
,,,
,,,
,,,
,,,
,,,
,,,
,,,
,,,
,,,
,,,
,,,
,,,
,,,
,,,
,,,
,,,
,,,
,,,
,,,
,,,
,,,
,,,
,,,
,,,
,,,
,,,
,,,
,,,
,,,
,,,
,,,
,,,
,,,
,,,
,,,
,,,
,,,
,,,
,,,
,,,
,,,
,,,
,,,
,,,
,,,
,,,
,,,
,,,
,,,
,,,
,,,
,,,
,,,
,,,
,,,
,,,
,,,
,,,
,,,
,,,
,,,
,,,
,,,
,,,
,,,
,,,
,,,
,,,
,,,
,,,
,,,
,,,
,,,
,,,
,,,
,,,
,,,
,,,
,,,
,,,
,,,
,,,
,,,
,,,
,,,
,,,
,,,
,,,
,,,
,,,
,,,
,,,
,,,
,,,
,,,
,,,
,,,
,,,
,,,
,,,
,,,
,,,
,,,
,,,
,,,
,,,
,,,
,,,
,,,
,,,
,,,
,,,
,,,
,,,
,,,
,,,
,,,
,,,
,,,
,,,
,,,
,,,
,,,
,,,
,,,
,,,
,,,
,,,
,,,
,,,
,,,
,,,
,,,
,,,
,,,
,,,
,,,
,,,
,,,
,,,
,,,
,,,
,,,
,,,
,,,
,,,
,,,
,,,
,,,
,,,
,,,
,,,
,,,
,,,
,,,
,,,
,,,
,,,
,,,
,,,
,,,
,,,
,,,
,,,
,,,
,,,
,,,
,,,
,,,
,,,
,,,
,,,
,,,
,,,
,,,
,,,
,,,
,,,
,,,
,,,
,,,
,,,
,,,
,,,
,,,
,,,
,,,
,,,
,,,
,,,
,,,
,,,
,,,
,,,
,,,
,,,
,,,
,,,
,,,
,,,
,,,
,,,
,,,
,,,
,,,
,,,
,,,
,,,
,,,
,,,
,,,
,,,
,,,
,,,
,,,
,,,
,,,
,,,
,,,
,,,
,,,
,,,
,,,
,,,
,,,
,,,
,,,
,,,
,,,
,,,
,,,
,,,
,,,
,,,
,,,
,,,
,,,
,,,
,,,
,,,
,,,
,,,
,,,
,,,
,,,
,,,
,,,
,,,
,,,
,,,
,,,
,,,
,,,
,,,
,,,
,,,
,,,
,,,
,,,
,,,
,,,
,,,
,,,
,,,
,,,
,,,
,,,
,,,
,,,
,,,
,,,
,,,
,,,
,,,
,,,
,,,
,,,
,,,
,,,
,,,
,,,
,,,
,,,
,,,
,,,
,,,
,,,
,,,
,,,
,,,
,,,
,,,
,,,
,,,
,,,
,,,
,,,
,,,
,,,
,,,
,,,
,,,
,,,
,,,
,,,
,,,
,,,
,,,
,,,
,,,
,,,
,,,
,,,
,,,
,,,
,,,
,,,
,,,
,,,
,,,
,,,
,,,
,,,
,,,
,,,
,,,
,,,
,,,
,,,
,,,
,,,
,,,
,,,
,,,
,,,
,,,
,,,
,,,
,,,
,,,
,,,
,,,
,,,
,,,
,,,
,,,
,,,
,,,
,,,
,,,
,,,
,,,
,,,
,,,
,,,
,,,
,,,
,,,
,,,
,,,
,,,
,,,
,,,
,,,
,,,
,,,
,,,
,,,
,,,
,,,
,,,
,,,
,,,
,,,
,,,
,,,
,,,
,,,
,,,
,,,
,,,
,,,
,,,
,,,
,,,
,,,
,,,
,,,
,,,
,,,
,,,
,,,
,,,
,,,
,,,
,,,
,,,
,,,
,,,
,,,
,,,
,,,
,,,
,,,
,,,
,,,
,,,
,,,
,,,
,,,
,,,
,,,
,,,
,,,
,,,
,,,
,,,
,,,
,,,
,,,
,,,
,,,
,,,
,,,
,,,
,,,
,,,
,,,
,,,
,,,
,,,
,,,
,,,
,,,
,,,
,,,
,,,
,,,
,,,
,,,
,,,
,,,
,,,
,,,
,,,
,,,
,,,
,,,
,,,
,,,
,,,
,,,
,,,
,,,
,,,
,,,
,,,
,,,
,,,
,,,
,,,
,,,
,,,
,,,
,,,
,,,
,,,
,,,
,,,
,,,
,,,
,,,
,,,
,,,
,,,
,,,
,,,
,,,
,,,
,,,
,,,
,,,
,,,
,,,
,,,
,,,
,,,
,,,
,,,
,,,
,,,
,,,
,,,
,,,
,,,
,,,
,,,
,,,
,,,
,,,
,,,
,,,
,,,
,,,
,,,
,,,
,,,
,,,
,,,
,,,
,,,
,,,
,,,
,,,
,,,
,,,
,,,
,,,
,,,
,,,
,,,
,,,
,,,
,,,
,,,
,,,
,,,
,,,
,,,
,,,
,,,
,,,
,,,
,,,
,,,
,,,
,,,
,,,
,,,
,,,
,,,
,,,
,,,
,,,
,,,
,,,
,,,
,,,
,,,
,,,
,,,
,,,
,,,
,,,
,,,
,,,
,,,
,,,
,,,
,,,
,,,
,,,
,,,
,,,
,,,
,,,
,,,
,,,
,,,
,,,
,,,
,,,
,,,
,,,
,,,
,,,
,,,
,,,
,,,
,,,
,,,
,,,
,,,
,,,
,,,
,,,
,,,
,,,
,,,
,,,
,,,
,,,
,,,
,,,
,,,
,,,
,,,
,,,
,,,
,,,
,,,
,,,
,,,
,,,
,,,
,,,
,,,
,,,
,,,
,,,
,,,
,,,
,,,
,,,
,,,
,,,
,,,
,,,
,,,
,,,
,,,
,,,
,,,
,,,
,,,
,,,
,,,
,,,
,,,
,,,
,,,
,,,
,,,
,,,
,,,
,,,
,,,
,,,
,,,
,,,
,,,
,,,
,,,
,,,
,,,
,,,
,,,
,,,
,,,
,,,
,,,
,,,
,,,
,,,
,,,
,,,
,,,
,,,
,,,
,,,
,,,
,,,
,,,
,,,
,,,
,,,
,,,
,,,
,,,
,,,
,,,
,,,
,,,
,,,
,,,
,,,
,,,
,,,
,,,
,,,
,,,
,,,
,,,
,,,
,,,
,,,
,,,
,,,
,,,
,,,
,,,
,,,
,,,
,,,
,,,
,,,
,,,
,,,
,,,
,,,
,,,
,,,
,,,
,,,
,,,
,,,
,,,
,,,
,,,
,,,
,,,
,,,
,,,
,,,
,,,
,,,
,,,
,,,
,,,
,,,
,,,
,,,
,,,
,,,
,,,
,,,
,,,
,,,
,,,
,,,
,,,
,,,
,,,
,,,
,,,
,,,
,,,
,,,
,,,
,,,
,,,
,,,
,,,
,,,
,,,
,,,
,,,
,,,
,,,
,,,
,,,
,,,
,,,
,,,
,,,
,,,
,,,
,,,
,,,
,,,
,,,
,,,
,,,
,,,
,,,
,,,
,,,
,,,
,,,
,,,
,,,
,,,
,,,
,,,
,,,
,,,
,,,
,,,
,,,
,,,
,,,
,,,
,,,
,,,
,,,
,,,
,,,
,,,
,,,
,,,
,,,
,,,
,,,
,,,
,,,
,,,
,,,
,,,
,,,
,,,
,,,
,,,
,,,
,,,
,,,
,,,
,,,
,,,
,,,
,,,
,,,
,,,
,,,
,,,
,,,
,,,
,,,
,,,
,,,
,,,
,,,
,,,
,,,
,,,
,,,
,,,
,,,
,,,
,,,
,,,
,,,
,,,
,,,
,,,
,,,
,,,
,,,
,,,
,,,
,,,
,,,
,,,
,,,
,,,
,,,
,,,
,,,
,,,
,,,
,,,
,,,
,,,
,,,
,,,
,,,
,,,
,,,
,,,
,,,
,,,
,,,
,,,
,,,
,,,
,,,
,,,
,,,
,,,
,,,
,,,
,,,
,,,
,,,
,,,
,,,
,,,
,,,
,,,
,,,
,,,
,,,
,,,
,,,
,,,
,,,
,,,
,,,
,,,
,,,
,,,
,,,
,,,
,,,
,,,
,,,
,,,
,,,
,,,
,,,
,,,
,,,
,,,
,,,
,,,
,,,
,,,
,,,
,,,
,,,
,,,
,,,
,,,
,,,
,,,
,,,
,,,
,,,
,,,
,,,
,,,
,,,
,,,
,,,
,,,
,,,
,,,
,,,
,,,
,,,
,,,
,,,
,,,
,,,
,,,
,,,
,,,
,,,
,,,
,,,
,,,
,,,
,,,
,,,
,,,
,,,
,,,
,,,
,,,
,,,
,,,
,,,
,,,
,,,
,,,
,,,
,,,
,,,
,,,
,,,
,,,
,,,
,,,
,,,
,,,
,,,
,,,
,,,
,,,
,,,
,,,
,,,
,,,
,,,
,,,
,,,
,,,
,,,
,,,
,,,
,,,
,,,
,,,
,,,
,,,
,,,
,,,
,,,
,,,
,,,
,,,
,,,
,,,
,,,
,,,
,,,
,,,
,,,
,,,
,,,
,,,
,,,
,,,
,,,
,,,
,,,
,,,
,,,
,,,
,,,
,,,
,,,
,,,
,,,
,,,
,,,
,,,
,,,
,,,
,,,
,,,
,,,
,,,
,,,
,,,
,,,
,,,
,,,
,,,
,,,
,,,
,,,
,,,
,,,
,,,
,,,
,,,
,,,
,,,
,,,
,,,
,,,
,,,
,,,
,,,
,,,
,,,
,,,
,,,
,,,
,,,
,,,
,,,
,,,
,,,
,,,
,,,
,,,
,,,
,,,
,,,
,,,
,,,
,,,
,,,
,,,
,,,
,,,
,,,
,,,
,,,
,,,
,,,
,,,
,,,
,,,
,,,
,,,
,,,
,,,
,,,
,,,
,,,
,,,
,,,
,,,
,,,
,,,
,,,
,,,
,,,
,,,
,,,
,,,
,,,
,,,
,,,
,,,
,,,
,,,
,,,
,,,
,,,
,,,
,,,
,,,
,,,
,,,
,,,
,,,
,,,
,,,
,,,
,,,
,,,
,,,
,,,
,,,
,,,
,,,
,,,
,,,
,,,
,,,
,,,
,,,
,,,
,,,
,,,
,,,
,,,
,,,
,,,
,,,
,,,
,,,
,,,
,,,
,,,
,,,
,,,
,,,
,,,
,,,
,,,
,,,
,,,
,,,
,,,
,,,
,,,
,,,
,,,
,,,
,,,
,,,
,,,
,,,
,,,
,,,
,,,
,,,
,,,
,,,
,,,
,,,
,,,
,,,
,,,
,,,
,,,
,,,
,,,
,,,
,,,
,,,
,,,
,,,
,,,
,,,
,,,
,,,
,,,
,,,
,,,
,,,
,,,
,,,
,,,
,,,
,,,
,,,
,,,
,,,
,,,
,,,
,,,
,,,
,,,
,,,
,,,
,,,
,,,
,,,
,,,
,,,
,,,
,,,
,,,
,,,
,,,
,,,
,,,
,,,
,,,
,,,
,,,
,,,
,,,
,,,
,,,
,,,
,,,
,,,
,,,
,,,
,,,
,,,
,,,
,,,
,,,
,,,
,,,
,,,
,,,
,,,
,,,
,,,
,,,
,,,
,,,
,,,
,,,
,,,
,,,
,,,
,,,
,,,
,,,
,,,
,,,
,,,
,,,
,,,
,,,
,,,
,,,
,,,
,,,
,,,
,,,
,,,
,,,
,,,
,,,
,,,
,,,
,,,
,,,
,,,
,,,
,,,
,,,
,,,
,,,
,,,
,,,
,,,
,,,
,,,
,,,
,,,
,,,
,,,
,,,
,,,
,,,
,,,
,,,
,,,
,,,
,,,
,,,
,,,
,,,
,,,
,,,
,,,
,,,
,,,
,,,
,,,
,,,
,,,
,,,
,,,
,,,
,,,
,,,
,,,
,,,
,,,
,,,
,,,
,,,
,,,
,,,
,,,
,,,
,,,
,,,
,,,
,,,
,,,
,,,
,,,
,,,
,,,
,,,
,,,
,,,
,,,
,,,
,,,
,,,
,,,
,,,
,,,
,,,
,,,
,,,
,,,
,,,
,,,
,,,
,,,
,,,
,,,
,,,
,,,
,,,
,,,
,,,
,,,
,,,
,,,
,,,
,,,
,,,
,,,
,,,
,,,
,,,
,,,
,,,
,,,
,,,
,,,
,,,
,,,
,,,
,,,
,,,
,,,
,,,
,,,
,,,
,,,
,,,
,,,
,,,
,,,
,,,
,,,
,,,
,,,
,,,
,,,
,,,
,,,
,,,
,,,
,,,
,,,
,,,
,,,
,,,
,,,
,,,
,,,
,,,
,,,
,,,
,,,
,,,
,,,
,,,
,,,
,,,
,,,
,,,
,,,
,,,
,,,
,,,
,,,
,,,
,,,
,,,
,,,
,,,
,,,
,,,
,,,
,,,
,,,
,,,
,,,
,,,
,,,
,,,
,,,
,,,
,,,
,,,
,,,
,,,
,,,
,,,
,,,
,,,
,,,
,,,
,,,
,,,
,,,
,,,
,,,
,,,
,,,
,,,
,,,
,,,
,,,
,,,
,,,
,,,
,,,
,,,
,,,
,,,
,,,
,,,
,,,
,,,
,,,
,,,
,,,
,,,
,,,
,,,
,,,
,,,
,,,
,,,
,,,
,,,
,,,
,,,
,,,
,,,
,,,
,,,
,,,
,,,
,,,
,,,
,,,
,,,
,,,
,,,
,,,
,,,
,,,
,,,
,,,
,,,
,,,
,,,
,,,
,,,
,,,
,,,
,,,
,,,
,,,
,,,
,,,
,,,
,,,
,,,
,,,
,,,
,,,
,,,
,,,
,,,
,,,
,,,
,,,
,,,
,,,
,,,
,,,
,,,
,,,
,,,
,,,
,,,
,,,
,,,
,,,
,,,
,,,
,,,
,,,
,,,
,,,
,,,
,,,
,,,
,,,
,,,
,,,
,,,
,,,
,,,
,,,
,,,
,,,
,,,
,,,
,,,
,,,
,,,
,,,
,,,
,,,
,,,
,,,
,,,
,,,
,,,
,,,
,,,
,,,
,,,
,,,
,,,
,,,
,,,
,,,
,,,
,,,
,,,
,,,
,,,
,,,
,,,
,,,
,,,
,,,
,,,
,,,
,,,
,,,
,,,
,,,
,,,
,,,
,,,
,,,
,,,
,,,
,,,
,,,
,,,
,,,
,,,
,,,
,,,
,,,
,,,
,,,
,,,
,,,
,,,
,,,
,,,
,,,
,,,
,,,
,,,
,,,
,,,
,,,
,,,
,,,
,,,
,,,
,,,
,,,
,,,
,,,
,,,
,,,
,,,
,,,
,,,
,,,
,,,
,,,
,,,
,,,
,,,
,,,
,,,
,,,
,,,
,,,
,,,
,,,
,,,
,,,
,,,
,,,
,,,
,,,
,,,
,,,
,,,
,,,
,,,
,,,
,,,
,,,
,,,
,,,
,,,
,,,
,,,
,,,
,,,
,,,
,,,
,,,
,,,
,,,
,,,
,,,
,,,
,,,
,,,
,,,
,,,
,,,
,,,
,,,
,,,
,,,
,,,
,,,
,,,
,,,
,,,
,,,
,,,
,,,
,,,
,,,
,,,
,,,
,,,
,,,
,,,
,,,
,,,
,,,
,,,
,,,
,,,
,,,
,,,
,,,
,,,
,,,
,,,
,,,
,,,
,,,
,,,
,,,
,,,
,,,
,,,
,,,
,,,
,,,
,,,
,,,
,,,
,,,
,,,
,,,
,,,
,,,
,,,
,,,
,,,
,,,
,,,
,,,
,,,
,,,
,,,
,,,
,,,
,,,
,,,
,,,
,,,
,,,
,,,
,,,
,,,
,,,
,,,
,,,
,,,
,,,
,,,
,,,
,,,
,,,
,,,
,,,
,,,
,,,
,,,
,,,
,,,
,,,
,,,
,,,
,,,
,,,
,,,
,,,
,,,
,,,
,,,
,,,
,,,
,,,
,,,
,,,
,,,
,,,
,,,
,,,
,,,
,,,
,,,
,,,
,,,
,,,
,,,
,,,
,,,
,,,
,,,
,,,
,,,
,,,
,,,
,,,
,,,
,,,
,,,
,,,
,,,
,,,
,,,
,,,
,,,
,,,
,,,
,,,
,,,
,,,
,,,
,,,
,,,
,,,
,,,
,,,
,,,
,,,
,,,
,,,
,,,
,,,
,,,
,,,
,,,
,,,
,,,
,,,
,,,
,,,
,,,
,,,
,,,
,,,
,,,
,,,
,,,
,,,
,,,
,,,
,,,
,,,
,,,
,,,
,,,
,,,
,,,
,,,
,,,
,,,
,,,
,,,
,,,
,,,
,,,
,,,
,,,
,,,
,,,
,,,
,,,
,,,
,,,
,,,
,,,
,,,
,,,
,,,
,,,
,,,
,,,
,,,
,,,
,,,
,,,
,,,
,,,
,,,
,,,
,,,
,,,
,,,
,,,
,,,
,,,
,,,
,,,
,,,
,,,
,,,
,,,
,,,
,,,
,,,
,,,
,,,
,,,
,,,
,,,
,,,
,,,
,,,
,,,
,,,
,,,
,,,
,,,
,,,
,,,
,,,
,,,
,,,
,,,
,,,
,,,
,,,
,,,
,,,
,,,
,,,
,,,
,,,
,,,
,,,
,,,
,,,
,,,
,,,
,,,
,,,
,,,
,,,
,,,
,,,
,,,
,,,
,,,
,,,
,,,
,,,
,,,
,,,
,,,
,,,
,,,
,,,
,,,
,,,
,,,
,,,
,,,
,,,
,,,
,,,
,,,
,,,
,,,
,,,
,,,
,,,
,,,
,,,
,,,
,,,
,,,
,,,
,,,
,,,
,,,
,,,
,,,
,,,
,,,
,,,
,,,
,,,
,,,
,,,
,,,
,,,
,,,
,,,
,,,
,,,
,,,
,,,
,,,
,,,
,,,
,,,
,,,
,,,
,,,
,,,
,,,
,,,
,,,
,,,
,,,
,,,
,,,
,,,
,,,
,,,
,,,
,,,
,,,
,,,
,,,
,,,
,,,
,,,
,,,
,,,
,,,
,,,
,,,
,,,
,,,
,,,
,,,
,,,
,,,
,,,
,,,
,,,
,,,
,,,
,,,
,,,
,,,
,,,
,,,
,,,
,,,
,,,
,,,
,,,
,,,
,,,
,,,
,,,
,,,
,,,
,,,
,,,
,,,
,,,
,,,
,,,
,,,
,,,
,,,
,,,
,,,
,,,
,,,
,,,
,,,
,,,
,,,
,,,
,,,
,,,
,,,
,,,
,,,
,,,
,,,
,,,
,,,
,,,
,,,
,,,
,,,
,,,
,,,
,,,
,,,
,,,
,,,
,,,
,,,
,,,
,,,
,,,
,,,
,,,
,,,
,,,
,,,
,,,
,,,
,,,
,,,
,,,
,,,
,,,
,,,
,,,
,,,
,,,
,,,
,,,
,,,
,,,
,,,
,,,
,,,
,,,
,,,
,,,
,,,
,,,
,,,
,,,
,,,
,,,
,,,
,,,
,,,
,,,
,,,
,,,
,,,
,,,
,,,
,,,
,,,
,,,
,,,
,,,
,,,
,,,
,,,
,,,
,,,
,,,
,,,
,,,
,,,
,,,
,,,
,,,
,,,
,,,
,,,
,,,
,,,
,,,
,,,
,,,
,,,
,,,
,,,
,,,
,,,
,,,
,,,
,,,
,,,
,,,
,,,
,,,
,,,
,,,
,,,
,,,
,,,
,,,
,,,
,,,
,,,
,,,
,,,
,,,
,,,
,,,
,,,
,,,
,,,
,,,
,,,
,,,
,,,
,,,
,,,
,,,
,,,
,,,
,,,
,,,
,,,
,,,
,,,
,,,
,,,
,,,
,,,
,,,
,,,
,,,
,,,
,,,
,,,
,,,
,,,
,,,
,,,
,,,
,,,
,,,
,,,
,,,
,,,
,,,
,,,
,,,
,,,
,,,
,,,
,,,
,,,
,,,
,,,
,,,
,,,
,,,
,,,
,,,
,,,
,,,
,,,
,,,
,,,
,,,
,,,
,,,
,,,
,,,
,,,
,,,
,,,
,,,
,,,
,,,
,,,
,,,
,,,
,,,
,,,
,,,
,,,
,,,
,,,
,,,
,,,
,,,
,,,
,,,
,,,
,,,
,,,
,,,
,,,
,,,
,,,
,,,
,,,
,,,
,,,
,,,
,,,
,,,
,,,
,,,
,,,
,,,
,,,
,,,
,,,
,,,
,,,
,,,
,,,
,,,
,,,
,,,
,,,
,,,
,,,
,,,
,,,
,,,
,,,
,,,
,,,
,,,
,,,
,,,
,,,
,,,
,,,
,,,
,,,
,,,
,,,
,,,
,,,
,,,
,,,
,,,
,,,
,,,
,,,
,,,
,,,
,,,
,,,
,,,
,,,
,,,
,,,
,,,
,,,
,,,
,,,
,,,
,,,
,,,
,,,
,,,
,,,
,,,
,,,
,,,
,,,
,,,
,,,
,,,
,,,
,,,
,,,
,,,
,,,
,,,
,,,
,,,
,,,
,,,
,,,
,,,
,,,
,,,
,,,
,,,
,,,
,,,
,,,
,,,
,,,
,,,
,,,
,,,
,,,
,,,
,,,
,,,
,,,
,,,
,,,
,,,
,,,
,,,
,,,
,,,
,,,
,,,
,,,
,,,
,,,
,,,
,,,
,,,
,,,
,,,
,,,
,,,
,,,
,,,
,,,
,,,
,,,
,,,
,,,
,,,
,,,
,,,
,,,
,,,
,,,
,,,
,,,
,,,
,,,
,,,
,,,
,,,
,,,
,,,
,,,
,,,
,,,
,,,
,,,
,,,
,,,
,,,
,,,
,,,
,,,
,,,
,,,
,,,
,,,
,,,
,,,
,,,
,,,
,,,
,,,
,,,
,,,
,,,
,,,
,,,
,,,
,,,
,,,
,,,
,,,
,,,
,,,
,,,
,,,
,,,
,,,
,,,
,,,
,,,
,,,
,,,
,,,
,,,
,,,
,,,
,,,
,,,
,,,
,,,
,,,
,,,
,,,
,,,
,,,
,,,
,,,
,,,
,,,
,,,
,,,
,,,
,,,
,,,
,,,
,,,
,,,
,,,
,,,
,,,
,,,
,,,
,,,
,,,
,,,
,,,
,,,
,,,
,,,
,,,
,,,
,,,
,,,
,,,
,,,
,,,
,,,
,,,
,,,
,,,
,,,
,,,
,,,
,,,
,,,
,,,
,,,
,,,
,,,
,,,
,,,
,,,
,,,
,,,
,,,
,,,
,,,
,,,
,,,
,,,
,,,
,,,
,,,
,,,
,,,
,,,
,,,
,,,
,,,
,,,
,,,
,,,
,,,
,,,
,,,
,,,
,,,
,,,
,,,
,,,
,,,
,,,
,,,
,,,
,,,
,,,
,,,
,,,
,,,
,,,
,,,
,,,
,,,
,,,
,,,
,,,
,,,
,,,
,,,
,,,
,,,
,,,
,,,
,,,
,,,
,,,
,,,
,,,
,,,
,,,
,,,
,,,
,,,
,,,
,,,
,,,
,,,
,,,
,,,
,,,
,,,
,,,
,,,
,,,
,,,
,,,
,,,
,,,
,,,
,,,
,,,
,,,
,,,
,,,
,,,
,,,
,,,
,,,
,,,
,,,
,,,
,,,
,,,
,,,
,,,
,,,
,,,
,,,
,,,
,,,
,,,
,,,
,,,
,,,
,,,
,,,
,,,
,,,
,,,
,,,
,,,
,,,
,,,
,,,
,,,
,,,
,,,
,,,
,,,
,,,
,,,
,,,
,,,
,,,
,,,
,,,
,,,
,,,
,,,
,,,
,,,
,,,
,,,
,,,
,,,
,,,
,,,
,,,
,,,
,,,
,,,
,,,
,,,
,,,
,,,
,,,
,,,
,,,
,,,
,,,
,,,
,,,
,,,
,,,
,,,
,,,
,,,
,,,
,,,
,,,
,,,
,,,
,,,
,,,
,,,
,,,
,,,
,,,
,,,
,,,
,,,
,,,
,,,
,,,
,,,
,,,
,,,
,,,
,,,
,,,
,,,
,,,
,,,
,,,
,,,
,,,
,,,
,,,
,,,
,,,
,,,
,,,
,,,
,,,
,,,
,,,
,,,
,,,
,,,
,,,
,,,
,,,
,,,
,,,
,,,
,,,
,,,
,,,
,,,
,,,
,,,
,,,
,,,
,,,
,,,
,,,
,,,
,,,
,,,
,,,
,,,
,,,
,,,
,,,
,,,
,,,
,,,
,,,
,,,
,,,
,,,
,,,
,,,
,,,
,,,
,,,
,,,
,,,
,,,
,,,
,,,
,,,
,,,
,,,
,,,
,,,
,,,
,,,
,,,
,,,
,,,
,,,
,,,
,,,
,,,
,,,
,,,
,,,
,,,
,,,
,,,
,,,
,,,
,,,
,,,
,,,
,,,
,,,
,,,
,,,
,,,
,,,
,,,
,,,
,,,
,,,
,,,
,,,
,,,
,,,
,,,
,,,
,,,
,,,
,,,
,,,
,,,
,,,
,,,
,,,
,,,
,,,
,,,
,,,
,,,
,,,
,,,
,,,
,,,
,,,
,,,
,,,
,,,
,,,
,,,
,,,
,,,
,,,
,,,
,,,
,,,
,,,
,,,
,,,
,,,
,,,
,,,
,,,
,,,
,,,
,,,
,,,
,,,
,,,
,,,
,,,
,,,
,,,
,,,
,,,
,,,
,,,
,,,
,,,
,,,
,,,
,,,
,,,
,,,
,,,
,,,
,,,
,,,
,,,
,,,
,,,
,,,
,,,
,,,
,,,
,,,
,,,
,,,
,,,
,,,
,,,
,,,
,,,
,,,
,,,
,,,
,,,
,,,
,,,
,,,
,,,
,,,
,,,
,,,
,,,
,,,
,,,
,,,
,,,
,,,
,,,
,,,
,,,
,,,
,,,
,,,
,,,
,,,
,,,
,,,
,,,
,,,
,,,
,,,
,,,
,,,
,,,
,,,
,,,
,,,
,,,
,,,
,,,
,,,
,,,
,,,
,,,
,,,
,,,
,,,
,,,
,,,
,,,
,,,
,,,
,,,
,,,
,,,
,,,
,,,
,,,
,,,
,,,
,,,
,,,
,,,
,,,
,,,
,,,
,,,
,,,
,,,
,,,
,,,
,,,
,,,
,,,
,,,
,,,
,,,
,,,
,,,
,,,
,,,
,,,
,,,
,,,
,,,
,,,
,,,
,,,
,,,
,,,
,,,
,,,
,,,
,,,
,,,
,,,
,,,
,,,
,,,
,,,
,,,
,,,
,,,
,,,
,,,
,,,
,,,
,,,
,,,
,,,
,,,
,,,
,,,
,,,
,,,
,,,
,,,
,,,
,,,
,,,
,,,
,,,
,,,
,,,
,,,
,,,
,,,
,,,
,,,
,,,
,,,
,,,
,,,
,,,
,,,
,,,
,,,
,,,
,,,
,,,
,,,
,,,
,,,
,,,
,,,
,,,
,,,
,,,
,,,
,,,
,,,
,,,
,,,
,,,
,,,
,,,
,,,
,,,
,,,
,,,
,,,
,,,
,,,
,,,
,,,
,,,
,,,
,,,
,,,
,,,
,,,
,,,
,,,
,,,
,,,
,,,
,,,
,,,
,,,
,,,
,,,
,,,
,,,
,,,
,,,
,,,
,,,
,,,
,,,
,,,
,,,
,,,
,,,
,,,
,,,
,,,
,,,
,,,
,,,
,,,
,,,
,,,
,,,
,,,
,,,
,,,
,,,
,,,
,,,
,,,
,,,
,,,
,,,
,,,
,,,
,,,
,,,
,,,
,,,
,,,
,,,
,,,
,,,
,,,
,,,
,,,
,,,
,,,
,,,
,,,
,,,
,,,
,,,
,,,
,,,
,,,
,,,
,,,
,,,
,,,
,,,
,,,
,,,
,,,
,,,
,,,
,,,
,,,
,,,
,,,
,,,
,,,
,,,
,,,
,,,
,,,
,,,
,,,
,,,
,,,
,,,
,,,
,,,
,,,
,,,
,,,
,,,
,,,
,,,
,,,
,,,
,,,
,,,
,,,
,,,
,,,
,,,
,,,
,,,
,,,
,,,
,,,
,,,
,,,
,,,
,,,
,,,
,,,
,,,
,,,
,,,
,,,
,,,
,,,
,,,
,,,
,,,
,,,
,,,
,,,
,,,
,,,
,,,
,,,
,,,
,,,
,,,
,,,
,,,
,,,
,,,
,,,
,,,
,,,
,,,
,,,
,,,
,,,
,,,
,,,
,,,
,,,
,,,
,,,
,,,
,,,
,,,
,,,
,,,
,,,
,,,
,,,
,,,
,,,
,,,
,,,
,,,
,,,
,,,
,,,
,,,
,,,
,,,
,,,
,,,
,,,
,,,
,,,
,,,
,,,
,,,
,,,
,,,
,,,
,,,
,,,
,,,
,,,
,,,
,,,
,,,
,,,
,,,
,,,
,,,
,,,
,,,
,,,
,,,
,,,
,,,
,,,
,,,
,,,
,,,
,,,
,,,
,,,
,,,
,,,
,,,
,,,
,,,
,,,
,,,
,,,
,,,
,,,
,,,
,,,
,,,
,,,
,,,
,,,
,,,
,,,
,,,
,,,
,,,
,,,
,,,
,,,
,,,
,,,
,,,
,,,
,,,
,,,
,,,
,,,
,,,
,,,
,,,
,,,
,,,
,,,
,,,
,,,
,,,
,,,
,,,
,,,
,,,
,,,
,,,
,,,
,,,
,,,
,,,
,,,
,,,
,,,
,,,
,,,
,,,
,,,
,,,
,,,
,,,
,,,
,,,
,,,
,,,
,,,
,,,
,,,
,,,
,,,
,,,
,,,
,,,
,,,
,,,
,,,
,,,
,,,
,,,
,,,
,,,
,,,
,,,
,,,
,,,
,,,
,,,
,,,
,,,
,,,
,,,
,,,
,,,
,,,
,,,
,,,
,,,
,,,
,,,
,,,
,,,
,,,
,,,
,,,
,,,
,,,
,,,
,,,
,,,
,,,
,,,
,,,
,,,
,,,
,,,
,,,
,,,
,,,
,,,
,,,
,,,
,,,
,,,
,,,
,,,
,,,
,,,
,,,
,,,
,,,
,,,
,,,
,,,
,,,
,,,
,,,
,,,
,,,
,,,
,,,
,,,
,,,
,,,
,,,
,,,
,,,
,,,
,,,
,,,
,,,
,,,
,,,
,,,
,,,
,,,
,,,
,,,
,,,
,,,
,,,
,,,
,,,
,,,
,,,
,,,
,,,
,,,
,,,
,,,
,,,
,,,
,,,
,,,
,,,
,,,
,,,
,,,
,,,
,,,
,,,
,,,
,,,
,,,
,,,
,,,
,,,
,,,
,,,
,,,
,,,
,,,
,,,
,,,
,,,
,,,
,,,
,,,
,,,
,,,
,,,
,,,
,,,
,,,
,,,
,,,
,,,
,,,
,,,
,,,
,,,
,,,
,,,
,,,
,,,
,,,
,,,
,,,
,,,
,,,
,,,
,,,
,,,
,,,
,,,
,,,
,,,
,,,
,,,
,,,
,,,
,,,
,,,
,,,
,,,
,,,
,,,
,,,
,,,
,,,
,,,
,,,
,,,
,,,
,,,
,,,
,,,
,,,
,,,
,,,
,,,
,,,
,,,
,,,
,,,
,,,
,,,
,,,
,,,
,,,
,,,
,,,
,,,
,,,
,,,
,,,
,,,
,,,
,,,
,,,
,,,
,,,
,,,
,,,
,,,
,,,
,,,
,,,
,,,
,,,
,,,
,,,
,,,
,,,
,,,
,,,
,,,
,,,
,,,
,,,
,,,
,,,
,,,
,,,
,,,
,,,
,,,
,,,
,,,
,,,
,,,
,,,
,,,
,,,
,,,
,,,
,,,
,,,
,,,
,,,
,,,
,,,
,,,
,,,
,,,
,,,
,,,
,,,
,,,
,,,
,,,
,,,
,,,
,,,
,,,
,,,
,,,
,,,
,,,
,,,
,,,
,,,
,,,
,,,
,,,
,,,
,,,
,,,
,,,
,,,
,,,
,,,
,,,
,,,
,,,
,,,
,,,
,,,
,,,
,,,
,,,
,,,
,,,
,,,
,,,
,,,
,,,
,,,
,,,
,,,
,,,
,,,
,,,
,,,
,,,
,,,
,,,
,,,
,,,
,,,
,,,
,,,
,,,
,,,
,,,
,,,
,,,
,,,
,,,
,,,
,,,
,,,
,,,
,,,
,,,
,,,
,,,
,,,
,,,
,,,
,,,
,,,
,,,
,,,
,,,
,,,
,,,
,,,
,,,
,,,
,,,
,,,
,,,
,,,
,,,
,,,
,,,
,,,
,,,
,,,
,,,
,,,
,,,
,,,
,,,
,,,
,,,
,,,
,,,
,,,
,,,
,,,
,,,
,,,
,,,
,,,
,,,
,,,
,,,
,,,
,,,
,,,
,,,
,,,
,,,
,,,
,,,
,,,
,,,
,,,
,,,
,,,
,,,
,,,
,,,
,,,
,,,
,,,
,,,
,,,
,,,
,,,
,,,
,,,
,,,
,,,
,,,
,,,
,,,
,,,
,,,
,,,
,,,
,,,
,,,
,,,
,,,
,,,
,,,
,,,
,,,
,,,
,,,
,,,
,,,
,,,
,,,
,,,
,,,
,,,
,,,
,,,
,,,
,,,
,,,
,,,
,,,
,,,
,,,
,,,
,,,
,,,
,,,
,,,
,,,
,,,
,,,
,,,
,,,
,,,
,,,
,,,
,,,
,,,
,,,
,,,
,,,
,,,
,,,
,,,
,,,
,,,
,,,
,,,
,,,
,,,
,,,
,,,
,,,
,,,
,,,
,,,
,,,
,,,
,,,
,,,
,,,
,,,
,,,
,,,
,,,
,,,
,,,
,,,
,,,
,,,
,,,
,,,
,,,
,,,
,,,
,,,
,,,
,,,
,,,
,,,
,,,
,,,
,,,
,,,
,,,
,,,
,,,
,,,
,,,
,,,
,,,
,,,
,,,
,,,
,,,
,,,
,,,
,,,
,,,
,,,
,,,
,,,
,,,
,,,
,,,
,,,
,,,
,,,
,,,
,,,
,,,
,,,
,,,
,,,
,,,
,,,
,,,
,,,
,,,
,,,
,,,
,,,
,,,
,,,
,,,
,,,
,,,
,,,
,,,
,,,
,,,
,,,
,,,
,,,
,,,
,,,
,,,
,,,
,,,
,,,
,,,
,,,
,,,
,,,
,,,
,,,
,,,
,,,
,,,
,,,
,,,
,,,
,,,
,,,
,,,
,,,
,,,
,,,
,,,
,,,
,,,
,,,
,,,
,,,
,,,
,,,
,,,
,,,
,,,
,,,
,,,
,,,
,,,
,,,
,,,
,,,
,,,
,,,
,,,
,,,
,,,
,,,
,,,
,,,
,,,
,,,
,,,
,,,
,,,
,,,
,,,
,,,
,,,
,,,
,,,
,,,
,,,
,,,
,,,
,,,
,,,
,,,
,,,
,,,
,,,
,,,
,,,
,,,
,,,
,,,
,,,
,,,
,,,
,,,
,,,
,,,
,,,
,,,
,,,
,,,
,,,
,,,
,,,
,,,
,,,
,,,
,,,
,,,
,,,
,,,
,,,
,,,
,,,
,,,
,,,
,,,
,,,
,,,
,,,
,,,
,,,
,,,
,,,
,,,
,,,
,,,
,,,
,,,
,,,
,,,
,,,
,,,
,,,
,,,
,,,
,,,
,,,
,,,
,,,
,,,
,,,
,,,
,,,
,,,
,,,
,,,
,,,
,,,
,,,
,,,
,,,
,,,
,,,
,,,
,,,
,,,
,,,
,,,
,,,
,,,
,,,
,,,
,,,
,,,
,,,
,,,
,,,
,,,
,,,
,,,
,,,
,,,
,,,
,,,
,,,
,,,
,,,
,,,
,,,
,,,
,,,
,,,
,,,
,,,
,,,
,,,
,,,
,,,
,,,
,,,
,,,
,,,
,,,
,,,
,,,
,,,
,,,
,,,
,,,
,,,
,,,
,,,
,,,
,,,
,,,
,,,
,,,
,,,
,,,
,,,
,,,
,,,
,,,
,,,
,,,
,,,
,,,
,,,
,,,
,,,
,,,
,,,
,,,
,,,
,,,
,,,
,,,
,,,
,,,
,,,
,,,
,,,
,,,
,,,
,,,
,,,
,,,
,,,
,,,
,,,
,,,
,,,
,,,
,,,
,,,
,,,
,,,
,,,
,,,
,,,
,,,
,,,
,,,
,,,
,,,
,,,
,,,
,,,
,,,
,,,
,,,
,,,
,,,
,,,
,,,
,,,
,,,
,,,
,,,
,,,
,,,
,,,
,,,
,,,
,,,
,,,
,,,
,,,
,,,
,,,
,,,
,,,
,,,
,,,
,,,
,,,
,,,
,,,
,,,
,,,
,,,
,,,
,,,
,,,
,,,
,,,
,,,
,,,
,,,
,,,
,,,
,,,
,,,
,,,
,,,
,,,
,,,
,,,
,,,
,,,
,,,
,,,
,,,
,,,
,,,
,,,
,,,
,,,
,,,
,,,
,,,
,,,
,,,
,,,
,,,
,,,
,,,
,,,
,,,
,,,
,,,
,,,
,,,
,,,
,,,
,,,
,,,
,,,
,,,
,,,
,,,
,,,
,,,
,,,
,,,
,,,
,,,
,,,
,,,
,,,
,,,
,,,
,,,
,,,
,,,
,,,
,,,
,,,
,,,
,,,
,,,
,,,
,,,
,,,
,,,
,,,
,,,
,,,
,,,
,,,
,,,
,,,
,,,
,,,
,,,
,,,
,,,
,,,
,,,
,,,
,,,
,,,
,,,
,,,
,,,
,,,
,,,
,,,
,,,
,,,
,,,
,,,
,,,
,,,
,,,
,,,
,,,
,,,
,,,
,,,
,,,
,,,
,,,
,,,
,,,
,,,
,,,
,,,
,,,
,,,
,,,
,,,
,,,
,,,
,,,
,,,
,,,
,,,
,,,
,,,
,,,
,,,
,,,
,,,
,,,
,,,
,,,
,,,
,,,
,,,
,,,
,,,
,,,
,,,
,,,
,,,
,,,
,,,
,,,
,,,
,,,
,,,
,,,
,,,
,,,
,,,
,,,
,,,
,,,
,,,
,,,
,,,
,,,
,,,
,,,
,,,
,,,
,,,
,,,
,,,
,,,
,,,
,,,
,,,
,,,
,,,
,,,
,,,
,,,
,,,
,,,
,,,
,,,
,,,
,,,
,,,
,,,
,,,
,,,
,,,
,,,
,,,
,,,
,,,
,,,
,,,
,,,
,,,
,,,
,,,
,,,
,,,
,,,
,,,
,,,
,,,
,,,
,,,
,,,
,,,
,,,
,,,
,,,
,,,
,,,
,,,
,,,
,,,
,,,
,,,
,,,
,,,
,,,
,,,
,,,
,,,
,,,
,,,
,,,
,,,
,,,
,,,
,,,
,,,
,,,
,,,
,,,
,,,
,,,
,,,
,,,
,,,
,,,
,,,
,,,
,,,
,,,
,,,
,,,
,,,
,,,
,,,
,,,
,,,
,,,
,,,
,,,
,,,
,,,
,,,
,,,
,,,
,,,
,,,
,,,
,,,
,,,
,,,
,,,
,,,
,,,
,,,
,,,
,,,
,,,
,,,
,,,
,,,
,,,
,,,
,,,
,,,
,,,
,,,
,,,
,,,
,,,
,,,
,,,
,,,
,,,
,,,
,,,
,,,
,,,
,,,
,,,
,,,
,,,
,,,
,,,
,,,
,,,
,,,
,,,
,,,
,,,
,,,
,,,
,,,
,,,
,,,
,,,
,,,
,,,
,,,
,,,
,,,
,,,
,,,
,,,
,,,
,,,
,,,
,,,
,,,
,,,
,,,
,,,
,,,
,,,
,,,
,,,
,,,
,,,
,,,
,,,
,,,
,,,
,,,
,,,
,,,
,,,
,,,
,,,
,,,
,,,
,,,
,,,
,,,
,,,
,,,
,,,
,,,
,,,
,,,
,,,
,,,
,,,
,,,
,,,
,,,
,,,
,,,
,,,
,,,
,,,
,,,
,,,
,,,
,,,
,,,
,,,
,,,
,,,
,,,
,,,
,,,
,,,
,,,
,,,
,,,
,,,
,,,
,,,
,,,
,,,
,,,
,,,
,,,
,,,
,,,
,,,
,,,
,,,
,,,
,,,
,,,
,,,
,,,
,,,
,,,
,,,
,,,
,,,
,,,
,,,
,,,
,,,
,,,
,,,
,,,
,,,
,,,
,,,
,,,
,,,
,,,
,,,
,,,
,,,
,,,
,,,
,,,
,,,
,,,
,,,
,,,
,,,
,,,
,,,
,,,
,,,
,,,
,,,
,,,
,,,
,,,
,,,
,,,
,,,
,,,
,,,
,,,
,,,
,,,
,,,
,,,
,,,
,,,
,,,
,,,
,,,
,,,
,,,
,,,
,,,
,,,
,,,
,,,
,,,
,,,
,,,
,,,
,,,
,,,
,,,
,,,
,,,
,,,
,,,
,,,
,,,
,,,
,,,
,,,
,,,
,,,
,,,
,,,
,,,
,,,
,,,
,,,
,,,
,,,
,,,
,,,
,,,
,,,
,,,
,,,
,,,
,,,
,,,
,,,
,,,
,,,
,,,
,,,
,,,
,,,
,,,
,,,
,,,
,,,
,,,
,,,
,,,
,,,
,,,
,,,
,,,
,,,
,,,
,,,
,,,
,,,
,,,
,,,
,,,
,,,
,,,
,,,
,,,
,,,
,,,
,,,
,,,
,,,
,,,
,,,
,,,
,,,
,,,
